"","logFC","AveExpr","t","P.Value","adj.P.Val","B"
"IL2RG",-2.35265025785043,5.9500025444386,-9.75281265029978,4.97999498420349e-14,3.75491621808943e-11,21.6670583129599
"LTB",-2.90708351105555,6.39531415708772,-9.31672325773385,2.67028788272878e-13,1.00669853178875e-10,20.032393216342
"IL2RB",-2.36484068205555,5.92729964666667,-8.906297316496,1.31589010496628e-12,3.30727046381526e-10,18.4787806758879
"CD247",-2.08122859473932,5.11782996624561,-8.75475978461049,2.37845535307502e-12,4.48338834054642e-10,17.9019546382959
"CXCL9",-3.61499918025214,8.12443830580701,-8.69766487679894,2.97385562512687e-12,4.48457428269131e-10,17.6842256726595
"ITK",-2.28613686902137,5.03955852277193,-8.51707213751223,6.03618987186335e-12,6.907318424011e-10,16.9942331358021
"CXCR6",-1.89150409569658,4.32246805878947,-8.5016605425452,6.41262983661499e-12,6.907318424011e-10,16.9352636184019
"IL2RA",-1.97358448719658,5.21590975482456,-8.26779934034998,1.60819414867416e-11,1.51572298512539e-09,16.0389773802847
"NLRC5",-1.81000032591453,6.91764061340351,-8.23595354252308,1.82303604485514e-11,1.52729908646753e-09,15.9167347955016
"CCL13",-2.88373810857692,4.09024358919298,-8.15402396996592,2.51753308588691e-11,1.8965274853886e-09,15.602059203362
"PTPRC",-1.93508767204701,6.67008302461404,-8.11059070723615,2.98766416084068e-11,1.8965274853886e-09,15.4351417529992
"CD3D",-2.25103786682906,5.0919834318421,-8.10799932564413,3.01834613059194e-11,1.8965274853886e-09,15.4251808502407
"IL7R",-2.23700435267949,5.53415496501754,-8.05330840519116,3.74489190281061e-11,2.17203730363015e-09,15.2149066975324
"CXCR3",-1.9607427832094,4.59416526694737,-7.97922222866402,5.01638296995257e-11,2.55828353305659e-09,14.9299220447363
"CD27",-2.25945185766239,5.40878713477193,-7.97555957816845,5.08942347425052e-11,2.55828353305659e-09,14.9158292462169
"HLA-DMB",-1.58617451149573,6.75263213689474,-7.92909775374069,6.11390360162041e-11,2.88117707226362e-09,14.7370295845015
"PRF1",-2.38608275651282,5.29216651666667,-7.73442345383907,1.31905689388563e-10,5.85040528229275e-09,13.987411041392
"IRF8",-1.68255634403846,5.7850227558772,-7.66632478724679,1.72638568493291e-10,7.23163781355231e-09,13.7250755547118
"IL15RA",-1.66384344657692,6.03035476945614,-7.62024101310074,2.07128035448559e-10,8.21971256464283e-09,13.5475325086178
"PSMB9",-1.93893638450855,7.92731980785965,-7.56486749196426,2.57805149748555e-10,9.71925414552054e-09,13.3341943064004
"IL21R",-1.74930907121367,4.47002154485965,-7.53724697565798,2.8754469669665e-10,1.0039790945635e-08,13.227781696508
"CD96",-2.16425439291026,5.19171862308772,-7.5325454945566,2.92938197352745e-10,1.0039790945635e-08,13.2096687040826
"CD3E",-2.44624059636752,5.55736445649123,-7.49553494752849,3.3908498762757e-10,1.11160904639647e-08,13.0670850804266
"IDO1",-2.93965852982479,6.02861117682456,-7.44592661763559,4.12537683775406e-10,1.29605588986107e-08,12.8759834569279
"IRF1",-1.82145670426068,6.74880715389474,-7.43403274060042,4.32393527256509e-10,1.30409887820563e-08,12.8301692177298
"CD4",-1.33444404580769,6.17688334175439,-7.31076644421471,7.03766045878405e-10,1.98360127220829e-08,12.3554745126009
"KLRK1",-2.02845330782906,4.93259666824561,-7.30842446223338,7.10308147872995e-10,1.98360127220829e-08,12.346458189461
"CD2",-1.86396931166239,4.1397782281579,-7.25196059242046,8.87805786056815e-10,2.315097837635e-08,12.1291165838971
"MMP12",-3.02007091501282,4.6007711634386,-7.24351002959794,9.17938952265878e-10,2.315097837635e-08,12.0965951226708
"CD84",-1.6290607904188,6.05899048770176,-7.23730181056616,9.40725203355463e-10,2.315097837635e-08,12.0727043573906
"GZMA",-2.27505688471368,5.39155376754386,-7.23433030103654,9.51830675950728e-10,2.315097837635e-08,12.0612696113722
"CTLA4",-2.39250482598718,5.30056270536842,-7.21760533526073,1.01682418041239e-09,2.39589197509668e-08,11.9969142686045
"GNLY",-2.4159503131453,4.60734847375439,-7.20510515803705,1.06827739545078e-09,2.44085198839361e-08,11.9488204162917
"ICOS",-1.67882716480342,4.09392251857895,-7.15264780197085,1.31411094675248e-09,2.91423427603344e-08,11.7470444122339
"GZMB",-2.57453353748291,4.95120676442105,-7.14452352723586,1.35693750359957e-09,2.92323107918308e-08,11.7158024676625
"PSMB10",-1.33090722905556,7.24998029861404,-7.12167765421304,1.48498217537312e-09,3.11021266730926e-08,11.627960684097
"HLA-DMA",-1.52141954701709,7.31965974845614,-7.09048310001333,1.67951043360043e-09,3.42256991063439e-08,11.5080488401476
"TAP1",-1.82257003802137,7.15393648868421,-7.06955984855106,1.82403701948653e-09,3.61927345445485e-08,11.4276406810313
"IL12RB1",-1.64018544955128,5.06723631285965,-7.04219810653682,2.03192168128862e-09,3.85774752562974e-08,11.3225160534036
"KLRB1",-2.07077473324786,3.9487351285614,-7.04037924546284,2.04655041147467e-09,3.85774752562974e-08,11.3155290445944
"IL10RA",-1.59947833811966,6.45802407966667,-7.02752592909306,2.15296564589805e-09,3.95935633416372e-08,11.2661581170589
"LAIR2",-1.36088424873932,4.79279021947368,-7.00171061292501,2.38366110372289e-09,4.27923921954062e-08,11.1670208438008
"CCL5",-2.40409326306838,7.2184273712807,-6.8502410241108,4.32894903983705e-09,7.45880655749537e-08,10.5860071702448
"HLA-DRB3",-1.5903280986282,10.9712567818772,-6.84885551499832,4.35261921127051e-09,7.45880655749537e-08,10.5806983981916
"ITGAL",-1.74659057068803,6.07529373701754,-6.81126031335724,5.0465452769287e-09,8.45576697512053e-08,10.4366916368439
"SPN",-1.52665988940598,4.8009694521579,-6.80440548902211,5.18446925417195e-09,8.49802134270793e-08,10.4104440042127
"CCL4",-1.46541115381624,5.89264361521053,-6.76137780633472,6.1402009440716e-09,9.38553602224482e-08,10.2457574116608
"CARD11",-1.67337084358974,5.23154639894737,-6.76089384556719,6.15189309767111e-09,9.38553602224482e-08,10.2439057722198
"CD48",-1.82951135670513,5.6236979814386,-6.75739149776267,6.23717101276664e-09,9.38553602224482e-08,10.2305062233951
"GZMK",-2.01388296788461,5.05517217089474,-6.75673535019132,6.25327789381528e-09,9.38553602224482e-08,10.2279959769077
"HLA-DPB1",-1.36448292043162,8.69091376085965,-6.75289808657007,6.34830685854756e-09,9.38553602224482e-08,10.2133162133937
"LCK",-1.80714313389316,5.4633608191579,-6.74467500664453,6.5568216186447e-09,9.50739134703481e-08,10.181861560072
"JAK3",-1.50308328885897,6.39496684033333,-6.72722542048721,7.02216603992789e-09,9.99002489453893e-08,10.1151295765977
"BTLA",-1.63478569167949,3.71035517168421,-6.683383487361,8.34163061661845e-09,1.15695327768808e-07,9.94756256732183
"HLA-A",-1.5066731407735,11.2229944239123,-6.68041799688797,8.43931435979368e-09,1.15695327768808e-07,9.93623337843472
"HLA-DRA",-1.6499437066453,10.5242823185263,-6.66540649505718,8.95154806065453e-09,1.20526200673813e-07,9.87889454008449
"CSF2RB",-1.86739184929487,6.83902004021052,-6.65571287103134,9.29865114042269e-09,1.23003209822434e-07,9.84187738139895
"CD5",-1.64097399861111,5.25306937931579,-6.60523682877044,1.13345865604219e-08,1.47349625285485e-07,9.64924420918462
"TIGIT",-1.62014412932906,5.31815519482456,-6.59906573506065,1.1612152107947e-08,1.48399367616814e-07,9.62570751295636
"ZAP70",-1.6850252504188,5.650457809,-6.5730318451321,1.2859531706234e-08,1.61601448441674e-07,9.52644891026086
"CCR5",-1.84712323125641,4.45249385489474,-6.56633923396038,1.32011914178802e-08,1.62167627991272e-07,9.50094155371797
"SELL",-1.9637215996282,4.89626011838596,-6.56376998272339,1.33347386411921e-08,1.62167627991272e-07,9.49115047062079
"ITGB2",-1.53492722548291,6.98719112552632,-6.50643461269764,1.66908334354275e-08,1.99760133497021e-07,9.27280536628006
"HLA-E",-1.10122045376068,9.67756520836842,-6.50112940751525,1.70409289954847e-08,2.00763444728054e-07,9.25261715968111
"CD38",-1.98261302638461,5.06059081692982,-6.48558907173427,1.81090422908658e-08,2.10064890574043e-07,9.19349579009694
"HLA-B",-1.64050085338034,11.8021832097018,-6.47264493352869,1.9049352383944e-08,2.17624419658997e-07,9.1442688338344
"CD8A",-1.78821960282906,5.62839834084211,-6.45733194843542,2.02246169201141e-08,2.27602405339791e-07,9.08605392770657
"SELPLG",-1.45251126314102,5.200855635,-6.45078106947532,2.0749156347836e-08,2.3007152773924e-07,9.06115663884806
"CD53",-1.60317049094017,7.29557989415789,-6.44370097121589,2.13312897126647e-08,2.33098441207959e-07,9.03425275393907
"C1QA",-1.70795369047863,7.62121120359649,-6.41267334057175,2.40799727745833e-08,2.59351298604181e-07,8.91640909032983
"FCER1G",-1.43796439424786,7.90978064278947,-6.40700526444526,2.46188592824345e-08,2.59351298604181e-07,8.89489217688578
"PSMB8",-1.35397534483761,8.44915587875438,-6.40548275910953,2.47656412460226e-08,2.59351298604181e-07,8.88911306960769
"PIK3CG",-1.68594768861539,5.01907191336842,-6.39089004333142,2.62173738610978e-08,2.70793149195449e-07,8.83373441675325
"CD74",-1.6087716144359,11.4394914477018,-6.36432637435812,2.90804796339685e-08,2.96306508702868e-07,8.73298411868218
"LCP1",-1.79366638416239,7.89291597063158,-6.35294940813725,3.03998238365672e-08,3.05619562303622e-07,8.68985684938485
"MS4A1",-2.64118406771367,3.58993006612281,-6.32897629305069,3.33777646912424e-08,3.31142560226273e-07,8.59902702511056
"C1QB",-1.71016483805128,7.89362488592982,-6.3115976293326,3.5716077270807e-08,3.49739250158292e-07,8.53322236481393
"TNF",-1.71809458163248,5.04743197573684,-6.22630098065501,4.97736465848765e-08,4.81145250320473e-07,8.21075218073909
"AMICA1",-1.62218007474359,5.80811139605263,-6.19707540791776,5.57580466952732e-08,5.32171736813114e-07,8.10046476762814
"CD3G",-1.58461548832906,3.44356015866667,-6.11791435416172,7.57971571688637e-08,7.1438820631654e-07,7.80228661858908
"SLAMF6",-1.61702629367521,3.16390489468421,-6.10815013796018,7.87187834707108e-08,7.3276497206069e-07,7.76556496331289
"SLAMF1",-1.76723050597436,3.36759038261403,-6.08232838689774,8.69944775048844e-08,7.93410736815024e-07,7.66851635114039
"LAG3",-1.7435168232265,5.29212973931579,-6.07782159643482,8.85248413912277e-08,7.93410736815024e-07,7.65158746179001
"CD37",-1.63394417765385,4.48250785859649,-6.07701679544206,8.88009223078448e-08,7.93410736815024e-07,7.64856468039154
"TAP2",-1.43932183511966,7.98127260278947,-6.07515505476197,8.94428549459908e-08,7.93410736815024e-07,7.64157244784514
"TNFRSF9",-1.46565122748291,4.24149292014035,-6.06004279846735,9.48267676293055e-08,8.31388172005771e-07,7.58483261874622
"TNFAIP3",-1.59901615655555,7.52096345650877,-6.0516076533408,9.79703627941488e-08,8.4907647754929e-07,7.55317644230701
"MARCO",-1.93310270202991,5.59663227845614,-6.03631529618359,1.039351989082e-07,8.90535681554349e-07,7.49581185593001
"TNFRSF1B",-1.27305161326068,6.41261768694737,-5.98761160982922,1.25436204768516e-07,1.06268425163439e-06,7.31334232963802
"PIK3CD",-1.21890308682479,6.23527679750877,-5.97722461244017,1.30563217231048e-07,1.09382961991345e-06,7.27447288286164
"TNFSF13B",-1.37528301275641,5.6119465411579,-5.95143276563768,1.44209535534256e-07,1.19487900871241e-06,7.17802759807771
"CD6",-1.40341084202991,4.49064046147369,-5.94578730405059,1.4738003704436e-07,1.20787552099399e-06,7.15693078354451
"PDCD1LG2",-1.26515390375641,4.42261467652632,-5.92422885872915,1.60135472580857e-07,1.2983026486663e-06,7.0764136952584
"CXCL13",-2.47141292731624,6.07559303029824,-5.89556758644426,1.78800710326818e-07,1.43420995304703e-06,6.96948273404816
"STAT1",-1.42952839259402,8.78512182449123,-5.88933152941447,1.83138839830379e-07,1.4535440550748e-06,6.94623441043557
"ICAM1",-1.71168316125641,7.43852614598246,-5.87445464225717,1.93913393294148e-07,1.52302810983112e-06,6.89079820382178
"C2",-1.22935252945726,6.19434699859649,-5.85126687924427,2.11971091015932e-07,1.64769281057745e-06,6.80446553038911
"CCL18",-2.62243637783333,4.72495969014035,-5.83844341846512,2.22662265046753e-07,1.71313620250257e-06,6.75675969870982
"CTSW",-1.67439955447436,4.30121950059649,-5.83055021178534,2.29506567697053e-07,1.74342341060167e-06,6.7274091686378
"HLA-DPA1",-1.46079741002564,8.89216040642105,-5.82860697757518,2.31223264005526e-07,1.74342341060167e-06,6.72018495960637
"HLA-DOB",-1.50912602052564,5.84882917361404,-5.81302219340942,2.45458781425347e-07,1.83243486331398e-06,6.66226991565046
"TLR8",-1.14140429996581,3.69186358226316,-5.78333604685383,2.75015996829383e-07,2.03296138832701e-06,6.55206828763551
"CD79A",-2.20075001480342,5.56151304247369,-5.72259506842215,3.46900344687349e-07,2.53944524169186e-06,6.32707005820342
"LY9",-1.49236527419231,4.00493601987719,-5.7168340209364,3.54614256869326e-07,2.57095336230262e-06,6.30576452094103
"CYBB",-1.62933204387607,6.83419930289474,-5.70953198639072,3.64635628588316e-07,2.61165727044749e-06,6.27876888153201
"CTSS",-1.6540455014359,7.70451405942105,-5.70772671067497,3.67156061893149e-07,2.61165727044749e-06,6.27209629224882
"CD79B",-1.90619562486752,5.60132434147368,-5.67799512952756,4.11231371984e-07,2.89783602313959e-06,6.16229102774092
"SH2D1A",-1.67635209341453,3.83726348507017,-5.64218678117082,4.71301176873936e-07,3.29038043854581e-06,6.0302652183081
"CCR7",-1.72581223768376,3.52164492024561,-5.62281761533194,5.07325908052789e-07,3.5093920612092e-06,5.95895408478731
"CD80",-1.37419048914957,4.18299995122807,-5.60683398216596,5.39091807061497e-07,3.69522929567608e-06,5.90016286590384
"KLRC2",-1.66274204747436,4.04760643559649,-5.60025940657837,5.52721269419116e-07,3.75452105533345e-06,5.87599486451232
"IRF4",-2.12317009486325,6.32327314550877,-5.590893019137,5.72727931669944e-07,3.85568625427802e-06,5.84157911902816
"GZMH",-1.36096063918376,3.9129122388421,-5.53072744657308,7.19411047062906e-07,4.80031796004806e-06,5.62093195100343
"IKBKE",-1.00816519740598,6.94665000605263,-5.39376453698423,1.20585255823573e-06,7.97555113078719e-06,5.12150936619778
"CXCL11",-2.20780593516667,6.33343236807018,-5.37059355403995,1.31547586082948e-06,8.62494607882983e-06,5.03743115922244
"ETS1",-1.00031805649145,7.33936524119298,-5.27273363795106,1.89730890124998e-06,1.23325078581249e-05,4.68372553310401
"ITGA4",-1.17704785549573,5.81367979459649,-5.24751507871924,2.0843981464296e-06,1.34327880547685e-05,4.59295014413946
"ADAM8",-1.22060720357692,7.19386334868421,-5.23788902337139,2.16050029533313e-06,1.3805230700688e-05,4.55834227513142
"PDCD1",-1.52725171195727,3.33993900554386,-5.23257456436895,2.20368004944711e-06,1.39628130864128e-05,4.53924549822392
"INPP5D",-1.1810345546453,5.51742360284211,-5.21606342821826,2.34332038025437e-06,1.47238630559316e-05,4.47996029172354
"LILRB2",-1.22081512267521,4.81018392550877,-5.20446010525489,2.44662472155935e-06,1.52459094219483e-05,4.43833843829674
"XCL2",-1.30323351802991,3.1241074055614,-5.17694002497641,2.70987922365551e-06,1.67479420871824e-05,4.33975982527302
"IL1B",-1.19622822821795,4.63933876412281,-5.1491363739688,3.00408502109199e-06,1.84152854138485e-05,4.24036464002544
"SIGLEC1",-1.3949659397094,6.43351861624562,-5.14387036770816,3.06324193729448e-06,1.86264872638713e-05,4.22156202298131
"FCGR3A",-1.55912988652564,7.01775868942105,-5.13775534194281,3.1333740264832e-06,1.87784245865966e-05,4.19973711105507
"LAMP3",-1.8732864129188,5.02783247057895,-5.13735336282507,3.13803912189811e-06,1.87784245865966e-05,4.19830276876113
"FUT7",-1.1448954853547,3.567305719,-5.12547467655321,3.27901814847078e-06,1.94675565665115e-05,4.15593658917787
"IL18RAP",-1.3148274295641,3.24086774292982,-5.11978131868224,3.34877630561399e-06,1.97263854252574e-05,4.13564414586136
"MICB",-1.20933855376068,5.64695280514035,-5.05947619839469,4.18324913089776e-06,2.44509290286582e-05,3.92124052925966
"CD7",-1.22897651763675,4.36574857468421,-5.03422410434227,4.59049751564836e-06,2.66248855907605e-05,3.83175829819521
"TNFRSF4",-1.04117563276068,4.70534891145614,-5.03007142887452,4.66109509658774e-06,2.67827524813405e-05,3.81706011329566
"CD244",-1.20474511111539,2.9206326557193,-5.02846107215602,4.68875772882883e-06,2.67827524813405e-05,3.81136164076997
"IFI27",-1.72655283655983,10.0440489577368,-4.97036404240288,5.80200007761178e-06,3.27350732836466e-05,3.60627011627627
"CXCL10",-2.42934345759829,6.53934671261403,-4.96702089792135,5.87340849640972e-06,3.27350732836466e-05,3.59449781927092
"CD8B",-1.44843955621795,4.16604404359649,-4.96580045556404,5.89969085341671e-06,3.27350732836466e-05,3.59020105500916
"HAVCR2",-1.01194459041453,5.53063221708772,-4.96557913037832,5.90446945169223e-06,3.27350732836466e-05,3.58942189039414
"C3AR1",-1.16918656132906,5.30155300654386,-4.956642491587,6.10062176321491e-06,3.35756847406134e-05,3.55797281232223
"NCF4",-1.15309988935043,4.92364071729825,-4.95448953594528,6.14882421217155e-06,3.35957496809953e-05,3.55039979571682
"CASP1",-1.23134275787607,5.2766272327193,-4.95222664728068,6.19989039222174e-06,3.36310601132028e-05,3.54244155253917
"IRF5",-1.01072829304701,4.85659547440351,-4.8845635963673,7.93439424983729e-06,4.2732380459838e-05,3.3051820463061
"CD70",-1.65198323301282,3.4565558581579,-4.86022973008534,8.66781646107042e-06,4.63513022102631e-05,3.2201930694127
"SLAMF7",-1.75576272936752,4.65470179770176,-4.84275286359228,9.23511656632104e-06,4.90371682465216e-05,3.15926521982146
"ITGAX",-1.16046197368803,6.8251044608421,-4.83833785417407,9.38408344850049e-06,4.94797127284571e-05,3.14388857668342
"CD68",-1.07812915277778,7.2796187632807,-4.82062497115655,1.00057387455417e-05,5.23911598204057e-05,3.08225904001108
"CLEC4A",-0.729549798196581,5.28815335617544,-4.79394636335607,1.10188040658738e-05,5.70444189749478e-05,2.98962061331797
"ITGAM",-1.09250249978205,5.31438859487719,-4.79327034163531,1.10457363001888e-05,5.70444189749478e-05,2.98727613320938
"CCL19",-2.31801189148718,6.58160467061404,-4.75619831349838,1.26254758295382e-05,6.47592433705566e-05,2.85893233529351
"IL18R1",-1.12941754017094,4.34439925203509,-4.74656715094938,1.30707779088211e-05,6.63287134385818e-05,2.82566171393037
"CD86",-0.926891171363248,3.75260778947368,-4.74578944177059,1.3107398278977e-05,6.63287134385818e-05,2.8229764526216
"HCK",-1.12421710925641,6.60604261968421,-4.71039314867086,1.4884575719229e-05,7.48198006153245e-05,2.70097054303936
"IFI16",-0.944102283931624,7.76307959947369,-4.70054720297509,1.54194175662403e-05,7.69949724830809e-05,2.66710654216913
"STAT4",-1.15426471125214,4.02788797864912,-4.64554557424262,1.8770679417244e-05,9.31124492144867e-05,2.47853341663051
"CR1",-1.05997827950427,4.3360709222807,-4.63851399946352,1.92473292517467e-05,9.48528513452092e-05,2.45449972958709
"NFATC2",-1.1616746079188,6.67250951561403,-4.62412681611538,2.02596842964844e-05,9.9038083229953e-05,2.40537779612196
"MRC1",-1.28575271939744,4.54282628835088,-4.62274939916529,2.03592876666349e-05,9.9038083229953e-05,2.40067864986882
"CLEC7A",-0.947390763111111,5.02550033187719,-4.61799879284431,2.07064905041974e-05,0.000100081370770287,2.38447669139997
"S100A8",-3.13382403625214,6.39604621361404,-4.60871279631725,2.14019244370847e-05,0.000102783764494024,2.35282938949828
"TLR2",-1.02077788323504,6.65911533835088,-4.59643792666261,2.23562435850743e-05,0.000106687390273076,2.31104192776274
"CD274",-1.35795792822222,4.79462026622807,-4.58854531318667,2.29916461370808e-05,0.000109029567216094,2.28420089362153
"TAPBP",-0.843206122970085,9.42388417291228,-4.5615948204928,2.52968268484098e-05,0.000119211296523131,2.19271386591537
"TTK",-1.25503911674359,5.7894947592807,-4.55270849848525,2.61051623774583e-05,0.000122256474736668,2.16260462786229
"NFKB2",-0.907572637478633,7.79053307007018,-4.52334556317243,2.89591381786929e-05,0.000134176188991315,2.06331666971191
"TNFRSF18",-1.31892198929487,5.51095265063158,-4.52288481700349,2.9006258362844e-05,0.000134176188991315,2.06176118118805
"CCR2",-1.28555544449145,4.07793458722807,-4.50942648069151,3.04160562184861e-05,0.000139839673102064,2.01635960635958
"RUNX3",-1.30317017053846,6.51032939392983,-4.50497665500856,3.08966984744208e-05,0.000141188549392202,2.00136268370126
"IFI35",-0.964959552542734,5.83778785726316,-4.49152333005562,3.23952497984759e-05,0.00014714468884368,1.9560660355215
"FOXP3",-0.988490176478632,3.99868250335088,-4.47505897229201,3.43256659474134e-05,0.000154979354038022,1.90072208504455
"CD97",-1.00896251038462,7.00125032792983,-4.47122506310619,3.47910027644991e-05,0.000156145333835907,1.88784903169265
"HLA-G",-1.1077078751453,6.92798813703509,-4.46755992121803,3.52415911735748e-05,0.000157231714466718,1.87554775076875
"TARP",-1.19140556903846,4.85723003861404,-4.4615781379417,3.59892070104607e-05,0.000159622718152279,1.85548188910107
"SYK",-1.05936505997863,6.39077379485965,-4.45795343787022,3.64497131741334e-05,0.000160719787914015,1.84332934536157
"SOCS1",-1.10623531587179,5.27090387303509,-4.45313216013205,3.70711319918071e-05,0.000162509497219899,1.82717264309677
"NOD2",-1.30067762792735,4.92932527698246,-4.44737115686296,3.78271942517346e-05,0.000164865343732994,1.80787822344186
"TRAF2",-0.749138466666667,7.48494651389474,-4.42868763484655,4.03837951772671e-05,0.000174996445768158,1.74539038173605
"CCL8",-1.25243164940171,4.51262771778948,-4.41688247720194,4.20849714257533e-05,0.000181326105457245,1.70597561850077
"TNFRSF17",-1.57195373329915,3.97211081931579,-4.41357356472769,4.25741686060439e-05,0.000182391608687256,1.69493741464965
"CCL2",-1.20968700810256,7.13610904182456,-4.41016288129635,4.30841953753674e-05,0.000183533804028401,1.68356408316846
"CYLD",-0.683572710371795,7.49643413010526,-4.34979323880756,5.31583408201038e-05,0.000225176342575046,1.48299592364744
"TCF7",-0.913201630628205,5.85272096582456,-4.32990679054575,5.69521730387939e-05,0.000238870135443456,1.41723774117988
"LTA",-0.932125210474359,3.71543897301754,-4.32953927822835,5.70247007689947e-05,0.000238870135443456,1.41602396340755
"RELB",-0.951805349705128,6.24320579510526,-4.32352184710516,5.82250535459431e-05,0.000242550775544978,1.39615788977968
"CDK1",-1.08577572877778,7.45228553073684,-4.31066455612228,6.08725357552683e-05,0.00025218621955754,1.35375877217532
"TNFSF14",-1.30976081126068,4.43812683463158,-4.27929856649225,6.78304697689562e-05,0.00027947636178029,1.25060165908411
"TLR4",-0.903211306623931,5.87607653436842,-4.24644800570338,7.59428748600523e-05,0.000311200693719997,1.14298899338515
"EOMES",-0.985916218662393,3.42891482026316,-4.22658705837316,8.1295399477469e-05,0.000331333682194658,1.0781424710251
"TBX21",-1.02832184990171,4.30642429808772,-4.21592138523862,8.43187627452275e-05,0.00034180831779517,1.04338606496803
"SH2D1B",-1.04114035052564,3.01942506470175,-4.2110543202308,8.57343224216825e-05,0.000345688123561223,1.02754138504056
"CD19",-1.28825096504701,4.3299318848772,-4.20442487258946,8.7699523612557e-05,0.000351731068105681,1.00597517015497
"FLT3LG",-0.887004134294872,5.57927261673684,-4.14860963660378,0.000106066790605157,0.000423144762520043,0.825136270855462
"SH2B2",-0.937470279615385,4.97824727275438,-4.13365906076967,0.000111586687982491,0.000442822961783149,0.776922087767439
"CD40",-1.07751873355128,5.90411290663158,-4.13199715176217,0.000112217159936373,0.000442993395769764,0.771568520958928
"CD163",-1.20165467780769,6.66666264138597,-4.12716140662537,0.000114071323008731,0.00044796759139887,0.755997733172195
"LILRB1",-0.951647394538462,4.55514938501754,-4.07877456981564,0.000134330546342951,0.000524793947889042,0.60075438133121
"ADA",-0.749963046205128,5.34102489822807,-4.06917689645145,0.000138742723492206,0.000539237183057335,0.570083277350045
"LILRB3",-0.945327492482906,4.04581331889474,-4.05659898886704,0.000144737129595956,0.000559650234437696,0.529949969853885
"FYN",-0.798576170042736,7.29915275905263,-4.05017899764534,0.000147892346938216,0.000568932804037829,0.509492278666425
"LILRA5",-0.935577794641025,3.72940622994737,-4.04215446118865,0.000151929534222371,0.000581496795957704,0.483947430760168
"Clec10a (CD301)",-1.10695757494444,4.20274912735088,-4.03763029911961,0.000154252309030565,0.000586647316808688,0.469558154252523
"IL16",-1.11207635468803,6.43790591566667,-4.03651276647455,0.000154831321014495,0.000586647316808688,0.466005208301984
"BATF",-1.13922529968376,5.49046305266667,-4.02102400028555,0.000163075352784458,0.000614794079997408,0.416819850126862
"ISG20",-1.10560787325641,6.85870599852632,-4.00970438442636,0.000169366301753952,0.00063533428618149,0.380942195578474
"CD22",-1.37798020892735,4.48406596361403,-3.97584981773738,0.000189608131746772,0.000707745204638942,0.273987055345337
"BIRC5",-1.0947710669188,7.59636082294737,-3.94737013267755,0.000208422665156631,0.00077159345826758,0.184419639740854
"IL21",-1.09535158276068,2.81102864738597,-3.94688238505623,0.000208760033801839,0.00077159345826758,0.182888961003659
"KLRC1",-1.01797026064103,4.17975508347369,-3.88796334700307,0.000253618250880613,0.000932820298360889,-0.00119553542573669
"CCL3",-0.900894500397436,6.06676721277193,-3.88638218481993,0.000254941370154475,0.000933134917944049,-0.00611310609696325
"OAS3",-1.17663694604274,7.08787045624562,-3.88202492215559,0.000258621946571786,0.000942033563841192,-0.0196584714032415
"REL",-0.567881086794872,6.47738737861404,-3.84534106322279,0.000291698989471658,0.00105740883683476,-0.13333716595162
"TNFRSF8",-0.984478799551282,3.93281870575439,-3.8385310671171,0.000298270756644309,0.00107605813641057,-0.154369245388229
"CCL3L1",-0.964383052752136,5.36266658398246,-3.82964988203181,0.000307054981940143,0.00110247360182318,-0.181764265568964
"IL18",-0.942225812260683,5.19703711685965,-3.8105263016631,0.000326820074911908,0.00116787837196009,-0.24062285140906
"TLR6",-0.962349397495727,5.03180024798246,-3.80629856661231,0.000331351449901096,0.00117848581710107,-0.253610870571825
"CD28",-0.97145931709829,3.35753247036842,-3.78218572634743,0.000358370012479575,0.00126859619441127,-0.327519997997123
"ICAM2",-0.857541694307693,5.19790790533333,-3.76269410865893,0.000381741103561335,0.00134204470868506,-0.387054377675552
"NCR1",-0.963549693606838,3.7803083174386,-3.76154037566335,0.000383169278731892,0.00134204470868506,-0.390572370994995
"CLEC4C",-1.10412528333761,2.72344847384211,-3.76050248130382,0.000384458431135242,0.00134204470868506,-0.393736579157596
"POU2AF1",-1.28923753502564,3.42470165505263,-3.75036664767121,0.000397268254913644,0.00138036988112851,-0.424609226830674
"APOE",-0.92877281842735,10.4443791183684,-3.72715340961919,0.000428162738090134,0.00148089313999982,-0.495120169367406
"MX1",-1.4377676990812,9.51845643805263,-3.70727055892499,0.000456440313850051,0.00157148856914584,-0.555298741387681
"TRAF3",-0.570162301850427,6.51782806357895,-3.68216289460055,0.000494705622569767,0.00169549108826184,-0.631003603362645
"CXCL3",-1.1139218445812,3.80720163466667,-3.67837224545547,0.000500742625412813,0.00170684160847837,-0.642405163874868
"CXCL1",-1.41851695686325,5.47072885308772,-3.6772490680712,0.000502544876766842,0.00170684160847837,-0.645782052551004
"BTK",-0.764945070594017,4.37070329829825,-3.6457631290559,0.000555663658672647,0.00187879102528778,-0.740181154178109
"CCL20",-1.23715035941026,4.43811155187719,-3.63169720421646,0.00058108830738395,0.00195598474896205,-0.782186428308529
"BLK",-1.01623405068376,3.07726854012281,-3.62990874593917,0.000584399439431889,0.00195838745480731,-0.78751992693877
"LY86",-0.784851696448718,4.09254374347368,-3.62013229417446,0.000602819909671903,0.00201117792872839,-0.816645435488861
"FCGR2A",-0.896124371846154,7.08901296977193,-3.60307185209362,0.000636298186495516,0.00211351908642123,-0.867350770099621
"IFIH1",-1.06145196597009,6.30688103935087,-3.59842447261151,0.000645720621890002,0.0021354094250222,-0.881136645335858
"CCR4",-0.873415589752136,3.27849984391228,-3.58034799451627,0.000683650019839455,0.00225096993431855,-0.934649459104008
"TNFSF8",-0.771957369705128,3.72199479005263,-3.57260628183325,0.000700535161276103,0.00229653700696601,-0.957514544807155
"TNFRSF13C",-0.987978340508547,4.63626724040351,-3.55173396854959,0.000748059941889552,0.00244171946400313,-1.01900108885279
"TGFB2",1.08822858311966,5.09284303261404,3.53709154070124,0.000783214138729758,0.00254544595087171,-1.06199564495736
"CCR1",-0.877144265094017,3.94050927305263,-3.51662435961517,0.000834994339776946,0.00270208468751853,-1.12189907344797
"IL3RA",-0.645664791431624,3.77762680849123,-3.51524600031655,0.000838595970598868,0.00270214257192968,-1.12592508272538
"TLR1",-0.761961765735043,6.34287919121053,-3.5049320326479,0.000866018624926747,0.00277862997104156,-1.15601797244728
"MYD88",-0.55737175007265,7.57593370952632,-3.48881757780381,0.000910575504482104,0.00290921156940469,-1.20291837034462
"CSF1R",-0.750274136564103,4.51284742619298,-3.47722660619297,0.000943961819915141,0.00300315279416041,-1.23656516041647
"LY96",-0.67733890152564,5.32228382180702,-3.4700867509586,0.000965102145628299,0.00305493094673421,-1.25725416797298
"CCRL2",-0.750116731777778,4.30036874407018,-3.46900627981247,0.000968340180728748,0.00305493094673421,-1.26038257128412
"TNFRSF13B",-1.18757355452137,3.09670712833333,-3.45820155522428,0.00100129258772496,0.00314572754643593,-1.29163106889393
"ADORA2A",-0.794365499982906,5.02690289638597,-3.44384066225867,0.00104673969043201,0.00327486193604038,-1.33306399795828
"CLEC6A",-0.901846435692307,3.16548804475439,-3.43812433204938,0.00106536846335644,0.00331937116268906,-1.34952430858719
"IFNAR2",-0.651359102594017,7.99351342968421,-3.42765692388609,0.00110029780601408,0.00341409278080088,-1.37961806644667
"ISG15",-1.22807295623504,8.04712733335088,-3.40987283622192,0.00116214314056611,0.00359121281961822,-1.43060613798856
"POU2F2",-0.80739598958547,4.98660120203509,-3.39712068295294,0.00120850089032665,0.00371922314818896,-1.46705747219654
"FCGR2B",-0.856948980457264,5.93368318133334,-3.38578725490644,0.00125116526818831,0.00383487240737392,-1.49937607548716
"NFKBIA",-0.64284196159829,9.28753802677193,-3.38273467997375,0.00126289794619208,0.00385516215153371,-1.50806836542948
"TANK",-0.656946077149573,8.25337057926316,-3.38009057349768,0.00127314471508011,0.0038707706256871,-1.51559323934474
"OSM",-0.820466509119658,4.53051049480702,-3.36241545517489,0.00134368818266252,0.00406883891456843,-1.56579235590916
"TLR7",-0.66155503534188,3.92091552047368,-3.33409423289982,0.00146447639017953,0.00441686079278146,-1.64585340712474
"EBI3",-0.79892783934188,3.23586266066667,-3.29893277790936,0.00162872249901336,0.00489265643129909,-1.7446043441247
"C1S",-0.847575312512821,8.86487317466667,-3.28340525828275,0.00170665402142568,0.00510641719109111,-1.78798336975904
"CSF1",-0.819647754675214,4.6302273028421,-3.27282894937228,0.00176173366353196,0.00525038411977509,-1.81744904710331
"ICAM3",-0.678695237478633,6.64420045442106,-3.2597708306507,0.00183204910262078,0.00543844497392154,-1.85373789351762
"CXCL2",-1.21162076674359,5.54884583217544,-3.25842906887521,0.00183942207822498,0.00543891861561425,-1.85746096074
"IL15",-0.734923665777778,4.9763405437193,-3.24896150916259,0.00189224576289532,0.00557325509852762,-1.88370077807646
"CD44",-0.560423417641026,10.4429613488772,-3.23447815801926,0.0019758248779957,0.00579677804672668,-1.92373882061344
"S100A4 (FSP-1)",-0.879408873786325,9.5519111101579,-3.23012875784621,0.00200159425378401,0.00584962041609744,-1.93573791844295
"LYN",-0.901751620641025,5.07501200929824,-3.22317330607851,0.00204346186166516,0.0059489198598283,-1.95490302648712
"CD83",-0.741499981025641,7.13113189761404,-3.21954904170225,0.00206560268891926,0.00599024779786585,-1.96487785238134
"CASP8",-0.554640958871795,7.11777275038596,-3.20766949807331,0.00213976672687711,0.00618154832208942,-1.99751776683279
"S100A12",-0.719516277393162,2.19613452673684,-3.19837568201462,0.00219952474381737,0.00632992998793244,-2.02299388481018
"CCL21",-1.42962801250855,4.81601636592982,-3.19548984148959,0.00221839695386418,0.00635996693237108,-2.03089390015073
"IFITM1",-0.965630388222223,9.20779512626316,-3.18866422406473,0.00226364057745399,0.00646509467954662,-2.04955901839982
"CD40LG",-0.664198921995726,4.2319731127193,-3.17924340785871,0.00232751082281071,0.00662242702037463,-2.07527444420667
"SLC11A1",-0.985762219294871,5.77813534638596,-3.15125379158085,0.00252739051151175,0.0071641069386461,-2.15135679735103
"JAK2",-0.622054253341881,7.40187845963158,-3.14521748187226,0.00257255601606092,0.00726482110902596,-2.16770201267391
"HAMP",-0.644584198380342,3.28049540801754,-3.13194419171067,0.00267454412254353,0.00752465025521576,-2.20356477220381
"VCAM1",-0.921315220713675,6.38487599145614,-3.11268507729968,0.002829275733384,0.00793038625639975,-2.2554069158677
"IL6R",-0.677898469611111,5.46424986640351,-3.1106701609128,0.00284593927412522,0.00794754893589042,-2.260817426463
"NFATC4",0.700211197739317,6.66636035747368,3.10347781477077,0.00290617245839431,0.00808580824217457,-2.28010992794179
"CXCR5",-0.808100464555555,3.17007735294737,-3.1013237181238,0.00292444294714779,0.00810212542521143,-2.28588173535409
"CXCL14",1.51119699527778,8.02601033577193,3.1002572484197,0.00293352817119724,0.00810212542521143,-2.2887382238183
"IL4R",-0.687493512944444,6.8403563177193,-3.09518070456671,0.00297713809233919,0.00819256248767792,-2.30232577938341
"HLA-DQA1",-2.69351298871795,7.41373807264912,-3.08120015237596,0.00310039105838167,0.00850070857461738,-2.33966197548604
"GZMM",-0.941217981388889,3.50230806303509,-2.98648935359178,0.00406934203341954,0.0111169706275302,-2.58934062020863
"CCL17",-0.791586109534188,4.14096206401754,-2.97913808636517,0.00415527759085418,0.0113107556083179,-2.60848025629774
"DDX58",-0.695124200568376,7.35709653473684,-2.95462798876908,0.00445413991627341,0.0120806528664394,-2.67204148306406
"CSF3R",-0.898875769440171,5.22524875024561,-2.93521352928915,0.00470490684540044,0.0127150529083582,-2.72211086580685
"IL6",-1.01068929218803,3.74049767610526,-2.91830245889603,0.00493394724773441,0.0132864150885419,-2.7655230003144
"CFB",-1.29160765723504,6.8609191845614,-2.88739846949671,0.00537940456397167,0.0144344165168493,-2.84436933243437
"FLT3",-0.823480185098291,3.40479493291228,-2.88434314356342,0.00542540951396063,0.0144801268184822,-2.85213013575339
"CARD9",-1.01848594339316,4.80625577159649,-2.88371922649756,0.00543484865998735,0.0144801268184822,-2.85371417895269
"TGFB1",-0.605354552405982,7.85989493996491,-2.87049405382511,0.00563853893675247,0.014969923796871,-2.88723022209914
"CD47",-0.588675299042735,8.95775079963158,-2.86169895717969,0.00577788141323202,0.0152860441599191,-2.90945473281088
"PLAUR",-0.791213727952991,6.12288108817544,-2.8386907928888,0.00615759086821991,0.0162336486525798,-2.96734957140821
"LILRA4",-0.628203864367521,3.58245447389474,-2.82103864731387,0.00646437742779057,0.0169830682249272,-3.01152580843344
"CD180",-0.72887291665812,4.69258770736842,-2.8163491635688,0.00654821529844526,0.0171435914410685,-3.0232263190759
"CASP3",-0.408486348517094,6.46677922345614,-2.80711594142989,0.00671622147408093,0.0175225985863565,-3.04622015395702
"MAP2K4",0.420130971978633,5.77870685792982,2.73530517862829,0.00816470203092203,0.0212282252803973,-3.22306624719625
"IL32",-1.67344846002991,9.05278485787719,-2.73026398559585,0.00827644872648796,0.0214448190370169,-3.2353477270076
"HLA-C",-0.706486378337607,10.7994180773684,-2.72419666639645,0.00841280012596688,0.0217234633389693,-3.25010571638087
"TOLLIP",0.383976567021368,6.93875069826316,2.71981870848113,0.00851246185106049,0.02190578920034,-3.26073867293006
"ATG5",-0.37205621558547,6.51601751880702,-2.71773380675611,0.00856030272191552,0.0219539736473616,-3.26579769107867
"TNFSF4",-0.550004106504274,5.05887519863158,-2.71233055589052,0.00868543625893035,0.0221993862346898,-3.27889461393237
"FUT5",-0.854646844055555,2.82246119792982,-2.703548553326,0.00889239675349813,0.0226171830891212,-3.30013788045817
"IL1RN",-0.829456944495726,4.10674599577193,-2.70285674916607,0.00890889042104642,0.0226171830891212,-3.30180903695059
"FCGR1A",-0.604348354363248,3.43142011522807,-2.69547103043003,0.00908673070752016,0.0229912582331215,-3.31962950240084
"KIT",0.970616911940171,4.79186242238596,2.68249128851155,0.00940715727164699,0.0237223965980663,-3.35085485351885
"TFRC",-0.614925626029914,8.15048815484211,-2.65877832956696,0.0100193496440898,0.0251819654388123,-3.40759534683548
"KIR_Inhibiting_Subgroup_2",-0.703132237705129,2.83688653659649,-2.64109693993494,0.0104992576321807,0.0263004659623398,-3.44964505261951
"CLEC5A",-0.750489638649573,4.39548116687719,-2.63833948298856,0.0105759617177326,0.0264048845535444,-3.4561828339684
"IL8",-1.28820804842735,5.83800637426316,-2.61999127726051,0.0110994948571287,0.0276205251560233,-3.49954772244727
"S100A7",-2.23878839121367,5.54240258735088,-2.61557847154954,0.0112288762058907,0.0277954802312773,-3.50994132779567
"NLRP3",-0.543065461418803,4.09802552007018,-2.61508160297614,0.0112435298017766,0.0277954802312773,-3.51111074513516
"TNFSF13",-0.532075116478633,5.97927708226316,-2.60410582852969,0.011571696248534,0.0285132646124009,-3.53689802078832
"CD33",-0.535425530333333,3.43729492291228,-2.59416024595233,0.0118765577588665,0.0291691353426233,-3.56019034401162
"IL23A",-0.657376203260684,3.88337726063158,-2.58194622384086,0.0122609309083502,0.030015395795117,-3.58869805917739
"PECAM1",-0.624158260487179,7.36179713424561,-2.58059181744997,0.0123042422961994,0.0300239439849008,-3.59185264882704
"STING",-0.524558387055555,7.53093932003509,-2.57854877932115,0.0123698376640864,0.0300866374152295,-3.59660864980837
"SMAD2",0.423580362491453,6.94746445696491,2.57670660547486,0.0124292559065086,0.030133951618995,-3.60089447648028
"IRF7",-0.641838541982906,7.06748265584211,-2.56012234116088,0.0129759479311694,0.0313585408336593,-3.63936745510994
"SELE",-0.674443741470085,3.83149059887719,-2.5461089967424,0.0134547833033189,0.032411842206717,-3.6717209690924
"CCL11",-0.741558957192307,3.7115316175614,-2.54338431561103,0.0135497231589624,0.0325365963753427,-3.67799504996318
"HLA-DQB1",-1.8876785111282,6.27806921061404,-2.54088457173832,0.0136373582911569,0.032643073496928,-3.68374641965374
"CEBPB",-0.557433935756409,8.84728164907018,-2.53921322616754,0.0136962376120017,0.0326802631628141,-3.687589286212
"MAP3K7",-0.288064346833334,7.57961647852632,-2.53433146936458,0.0138695354097884,0.0329893681355851,-3.69880208433494
"C1R",-0.600723837606837,9.70411039287719,-2.53267773349604,0.0139286898671985,0.0330258872951815,-3.70259657300047
"CCL22",-0.583089211252137,4.16695701950877,-2.52098007051361,0.0143536765366534,0.0339268718139081,-3.72937977667218
"TREM1",-1.03956726301282,4.74785722466667,-2.50545513614841,0.0149358060206396,0.0351924929361321,-3.76477129524419
"STAB1",-0.588745311623932,6.34904168742105,-2.50277648649612,0.0150383752839513,0.035221970774158,-3.77085980586191
"COLEC12",0.747774426747863,4.97550393796491,2.50268880412173,0.0150417434871073,0.035221970774158,-3.77105901680355
"PLAU",-0.88954159873077,8.3178552452807,-2.50031976209464,0.0151330052586118,0.0353259627399174,-3.77643924854107
"XCR1",-0.548901686893162,3.31040251114035,-2.4972808606592,0.015250803337287,0.0354910670256617,-3.78333472567067
"IRGM",-0.635854669004273,2.06355105068421,-2.49438329483781,0.0153638926689832,0.0356442309920411,-3.78990317195848
"CXCR4",-0.697595956991453,8.865094123,-2.47646794225991,0.0160800656564087,0.037191317499792,-3.83037770702616
"TNFSF15",-0.700867362038462,4.54248892549123,-2.47392427409717,0.0161841523575511,0.0373175867816315,-3.83610515975532
"KLRG1",-0.614636723423077,3.66051728852632,-2.45404622342907,0.0170186856477502,0.0391222224951332,-3.88069838567703
"CD1E",-0.564994562021367,2.73828570336842,-2.44415815155632,0.0174480589004497,0.0399873447141005,-3.90277131001593
"ENTPD1",-0.527978705786325,5.8652479992807,-2.4239785261985,0.0183546524581131,0.0419375998588402,-3.94759144400157
"CSF2",-0.597300622905983,2.22398141545614,-2.41052348754445,0.0189823930704593,0.0432408591393545,-3.9773064257935
"CD14",-0.498666502521367,8.33635165703509,-2.4009436626695,0.0194409916878373,0.0441521317247871,-3.99838022425499
"MAFB",-0.552469811628205,7.65589747042105,-2.3933408520562,0.0198119821203411,0.044859563119331,-4.01505576490623
"MSR1",-0.648702296034187,6.78561637961403,-2.38465449763216,0.0202435888796474,0.0456995988480664,-4.0340544853762
"CXCL5",-1.15447603444017,3.34120267008772,-2.38099378843832,0.0204279863522192,0.0459782140584278,-4.0420440727222
"LY6E",-0.744923284064102,10.956032723421,-2.36606997778336,0.0211953607371859,0.0475633987971375,-4.07451059509942
"MAP3K1",0.438947154666666,7.43044891794737,2.3611585535881,0.0214534744676079,0.0479997618652116,-4.08515835395218
"MAP3K5",-0.50935143525641,7.08192999859649,-2.35266797320511,0.0219063079044598,0.0488679176330257,-4.1035222937402
"APP",0.542985016222223,10.8488971834912,2.34679561299133,0.0222244686998613,0.0494314141583936,-4.11619126269016
"PSMD7",-0.3253664525,8.69065122087719,-2.33591679690622,0.0228247736605576,0.0506172921766483,-4.13959156084248
"SSX1",-0.786620511923077,2.17966701980702,-2.33358895246043,0.0229550865693296,0.0507569949362889,-4.14458699679854
"CDH1",0.776667409081196,9.25074230331579,2.32018010316172,0.0237186885894108,0.0522920795216835,-4.17328089379281
"C3",-0.880871174726496,7.17650391896491,-2.31656192198872,0.023928567711045,0.0526009914114517,-4.18099989169776
"TLR10",-0.55169358641453,3.78394198973684,-2.30401429531321,0.024669259801724,0.054071575263081,-4.20769092019629
"CCL26",-0.654721017910256,2.81619013642105,-2.30145520503644,0.0248227996403745,0.0542504084893982,-4.21311967705829
"MAVS",0.392737899358974,7.69988763250877,2.29598414674522,0.0251538992250926,0.0548151445541035,-4.22470883330724
"KIR_Inhibiting_Subgroup_1",-0.682761378940171,2.99644062221053,-2.29351299227156,0.025304729756859,0.0549849171085639,-4.22993582243248
"SERPING1",-0.53370024032906,9.73362285138596,-2.2752204890672,0.0264464044480604,0.0573005429707975,-4.26848129995311
"IRF2",-0.294291795495726,6.6152497638421,-2.26741026660487,0.0269475942158817,0.0582191577042259,-4.28485980315031
"FOLR2",-0.668547231269231,6.24338648914035,-2.25441960566186,0.0277998469899411,0.0598888132297587,-4.31199699118576
"PPBP",-0.686776714641025,2.6337522647193,-2.25181471606018,0.0279735799895172,0.0600913940515555,-4.31742273093989
"CCL25",-0.566232508940171,2.41360535607017,-2.23654643593409,0.0290113128931409,0.0620143808267454,-4.34911864893288
"IL10",-0.563450050538461,3.86937539696491,-2.23622879413394,0.0290332578671633,0.0620143808267454,-4.34977611767241
"TLR9",-0.556551305931624,3.5048655288421,-2.23337797987225,0.0292308688956589,0.0622600992862339,-4.35567332263873
"CMKLR1",-0.549943580380342,5.87390441929825,-2.2292807508501,0.0295169552983581,0.0626923501266535,-4.36413772284992
"CCL23",-0.634948950871795,2.32609610419298,-2.22168135503275,0.0300541181015048,0.063595472906832,-4.37980236390297
"CCR6",-0.526571580294871,3.96863472392983,-2.22088570000562,0.030110853882943,0.063595472906832,-4.38143982855547
"C8G",-0.599900960008547,4.57539166214035,-2.21868862030344,0.0302680112407907,0.0637488281440117,-4.38595885599896
"CKLF",-0.391585813376068,7.52837049657895,-2.19892491418973,0.0317144879081806,0.0666092587263736,-4.4264388713182
"ITGA2B",-0.648604324615384,3.30055634498246,-2.19476512363031,0.0320265636937169,0.0670778584029516,-4.43491975278792
"PSEN1",0.293977368034188,6.91384491840351,2.18002485958384,0.0331542259875305,0.0692473307329585,-4.46486180496323
"IL22RA2",-0.586860479619658,3.57961724057895,-2.16678825759787,0.0341963804000781,0.0712267149769584,-4.4916028360307
"CASP10",-0.516604343508547,2.3198078321579,-2.16134627233724,0.0346330983616337,0.0719376202883521,-4.50255657757978
"BCL6",0.437295531905983,7.59718315773684,2.15252278420759,0.0353515591255588,0.0730883348502363,-4.52026662634011
"CD137L",-0.526646174871795,4.58223966149123,-2.15216508756215,0.0353809578519048,0.0730883348502363,-4.52098326927356
"TNFRSF1A",-0.352643757098291,8.40188236670175,-2.14974802429111,0.0355801747815326,0.0732990485936491,-4.52582316812706
"IL12B",-0.555208120440171,2.20488812491228,-2.14495415490077,0.0359781937414921,0.0739170519920573,-4.53540857642402
"CHIT1",-0.727424334273504,4.45836895005263,-2.14003478894829,0.0363906717161307,0.0745613219401156,-4.54522585413779
"MAP2K1",-0.329119308961539,7.3724700504386,-2.12246347761253,0.0378978925786905,0.0774390542122835,-4.5801338832472
"CD160",-0.574732213982906,2.36224614684211,-2.12094423282492,0.0380307300220602,0.0775004606395497,-4.58314047700642
"ABCB1",-0.607034825350428,4.08561818245614,-2.09795760264244,0.0400906683697652,0.0814780699482559,-4.62840494036578
"AKT3",-0.589166155901709,7.80597850589474,-2.05871593361959,0.0438317796684028,0.0888418329838056,-4.70469332320138
"HSD11B1",-0.557954766294872,3.89313834347368,-2.0550435302511,0.0441968803254623,0.0893416830171543,-4.71176886324168
"STAT2",-0.349733698931624,9.09173650310526,-2.05198984947674,0.0445024694853417,0.0897188823314108,-4.71764397594655
"KLRD1",-0.465999920594017,3.85046783654386,-2.04291461038197,0.045421456738162,0.0913274090148643,-4.73505944801956
"BST2",-0.753802362769231,7.38309231736842,-2.03636283887575,0.0460950569014078,0.0924353002756954,-4.7475906514664
"EGR1",0.656594203320513,6.69221225907018,2.02738380350841,0.0470322020922716,0.0940644041845432,-4.76470744111991
"PDGFC",0.494307092017094,6.20318754229825,2.01364681276963,0.0484977124191614,0.0967388231853114,-4.7907667659778
"TYK2",-0.284207082820513,7.18495701738597,-2.00932337947233,0.0489670101814121,0.0974172181445506,-4.79893641626662
"FPR2",-0.458710041824786,3.20443949075439,-1.9934194644214,0.0507271027449913,0.100653251236114,-4.82885672653164
"Aspn",0.748432308149573,6.35025045514035,1.97289052051375,0.0530791285607073,0.105043734736938,-4.86717031969909
"IFNL2",-0.505825053688034,2.92702396326316,-1.97059368306711,0.0533479994608251,0.105299454433147,-4.87143532002041
"BST1",-0.386394015585471,5.17834519582456,-1.95891778641944,0.0547328905902045,0.107750912545729,-4.89304883137253
"ITGAE",-0.375245432645299,5.72933406891228,-1.95460269873903,0.0552524282251533,0.108490445004598,-4.90100801296283
"IKBKG",-0.30603472065812,6.67668021007017,-1.93636825612607,0.0574946150843738,0.112517275623402,-4.93447081301894
"SAA1",-1.19899632686752,7.66769663724561,-1.93551280776697,0.0576016822156937,0.112517275623402,-4.93603389530225
"PYCARD",-0.489203186132479,5.49794533040351,-1.93381840989729,0.0578142530441113,0.112640689393436,-4.93912811495782
"IL12A",-0.552510258470086,3.72732756063158,-1.93103236251249,0.0581652295325164,0.113032430586385,-4.94421065033298
"NFATC3",-0.270544890081196,6.31136967257895,-1.92571604277394,0.058839996537523,0.114049761926202,-4.95389117127075
"DPP4",-0.656841717965812,4.29728221233333,-1.92234675110786,0.0592710788909732,0.114590752522548,-4.96001413636944
"TFE3",-0.290042074324786,5.2204649294386,-1.92096125071455,0.0594491239014432,0.114641021538844,-4.9625292381367
"LTF",-1.61042019372222,7.87639062694737,-1.91075271844156,0.0607750523887721,0.116898952809016,-4.98101138814113
"MEFV",-0.521360853072649,2.53042324273684,-1.90679189879281,0.061296220905851,0.117601400923694,-4.98815884110678
"NT5E",-0.578368860713675,6.32286629798246,-1.8984251943613,0.0624095974768874,0.119433595171505,-5.00321371465898
"TP53",0.445230842461539,7.7518007002807,1.89095571671055,0.0634180167152534,0.121056163552661,-5.01660456586465
"RIPK2",-0.398232205927351,6.66633482849123,-1.86551341837899,0.0669569848497056,0.127488804486561,-5.06186424365295
"PDGFRB",0.426893848247863,8.07637612829825,1.84436330700245,0.0700244237668028,0.132993489975238,-5.09907306552124
"IRAK2",-0.420381530303419,4.41872717349123,-1.81969917586856,0.0737499433318164,0.139717229327109,-5.14198557229795
"SPACA3",-0.47713519891453,2.57712414901754,-1.81750775318879,0.0740888487533547,0.139967345692471,-5.14577338308001
"CXCR2",-0.494363169115385,2.40339787396491,-1.8164478334283,0.0742532337891095,0.139967345692471,-5.14760395791627
"CXCL6",-0.683974775,3.03169211578947,-1.80245813768252,0.0764516929469965,0.143752061052457,-5.17167574861906
"CYFIP2",-0.445387600371795,5.62762691829824,-1.79504323498015,0.0776388249135181,0.145621079564161,-5.1843667539327
"CXCL4",-0.450738088893162,2.33872204908772,-1.78466917370114,0.0793255105269835,0.14841547130855,-5.20204368627773
"CCL27",-0.434480533423077,2.34715555294737,-1.76997937999679,0.0817660172235291,0.152602913333022,-5.22691685177562
"DDX43",0.53392545484188,3.00589899614035,1.75893712731114,0.0836413637681624,0.155372836285866,-5.24549203141216
"IFNGR1",-0.336468821705128,7.80013102708772,-1.75881503843591,0.08366229646162,0.155372836285866,-5.24569682273975
"JAM3",0.498516658290598,6.21798919863158,1.7532403951206,0.0846227356966293,0.156703185306825,-5.25503404957827
"RRAD",-0.507944610675213,2.66323349496491,-1.7522501397002,0.0847942965586003,0.156703185306825,-5.25668987770085
"EWSR1",-0.232288633529914,8.91754712764912,-1.74582144542338,0.0859150867088546,0.158386247869135,-5.26741890997248
"CD58",-0.279409314564103,6.50473675150877,-1.73520952239423,0.0877920111900329,0.16107567668121,-5.28505152973182
"MAGEA4",-0.513037533666666,1.98694890659649,-1.73515804591366,0.0878011977665481,0.16107567668121,-5.28513682555147
"IRAK1",-0.36328002682906,8.27565201457895,-1.7338726817688,0.0880308437079814,0.161104990669461,-5.2872659145629
"KLRF1",-0.443200449576923,2.90161881603509,-1.73242604445666,0.0882898965660446,0.161187849905079,-5.28966043176703
"CTSH",-0.366830239106837,7.56382993391228,-1.72416002587428,0.0897822201198627,0.163350728923284,-5.30330791135423
"KIR_Activating_Subgroup_2",-0.540416191722223,2.45956639491228,-1.72346910198935,0.0899078945665288,0.163350728923284,-5.30444597546465
"MAP4K2",-0.293138586465812,6.25494116480702,-1.72116831183797,0.0903274396388168,0.163718484345355,-5.30823277430915
"CDKN1A",-0.360757378978632,6.93428825242105,-1.71940463733328,0.0906501346244535,0.163909356131506,-5.31113245003107
"TICAM1",-0.243800027333334,6.39472106335088,-1.71789277107946,0.0909275129056486,0.164017571126457,-5.3136159820653
"SPA17",0.333290908611111,5.62569469994737,1.71394366703608,0.0916553463488512,0.164935873859269,-5.32009381072021
"IL27",-0.432419561653846,2.14829975236842,-1.71043372543096,0.0923062620082545,0.165711717986247,-5.32583992819428
"CD55",0.362753570948718,4.58049634829825,1.70248300940011,0.0937947929494002,0.167984023477073,-5.33881652344469
"TNFSF12",-0.33468465184188,6.7304023388421,-1.69400288852019,0.0954041263968582,0.170461401192491,-5.35259670080843
"IFIT2",-0.595874050824786,5.74161852154386,-1.68921074583415,0.0963235436973624,0.171697285928632,-5.36035628389617
"PRKCD",-0.318015701209402,7.32002557124561,-1.67969645021897,0.0981704837184335,0.174576756423818,-5.37570289706051
"TNFSF10",-0.619909375568376,8.59182901373684,-1.66395912905491,0.101289013375044,0.179698626081843,-5.40091409238167
"ATG7",-0.228773255260684,7.17279732,-1.65911892366217,0.102264258878922,0.181002937076778,-5.40862462324664
"A2M",-0.650659449102564,9.36157399812281,-1.64576561899326,0.104994552265347,0.185400216412346,-5.42979041300463
"CR2",-0.471948282551282,4.46039473329825,-1.63472221050115,0.107297095642439,0.189023388117754,-5.44717685356476
"TNFRSF11A",-0.525756372119658,4.43234594152632,-1.62773504839518,0.108774971326343,0.191180252634178,-5.45812196776627
"FCER2",-0.471708832029915,3.47593961817544,-1.62114370658199,0.110184211936824,0.192896587705906,-5.46840771868703
"TNFRSF10B",-0.323749093482906,6.42768539470175,-1.6207764315205,0.110263168834543,0.192896587705906,-5.46897972547933
"IL1R2",-0.487354595465812,3.4081332618772,-1.60988809699914,0.112624827303154,0.196572036543006,-5.48588364911632
"CXCL16",-0.446108674008547,6.54106468752632,-1.60856132986831,0.112915373495562,0.196623999112365,-5.48793629067876
"ECSIT",0.237326003380342,6.00375682592982,1.60320760074227,0.114093931903482,0.197997258259791,-5.49620327799829
"CXCL12",-0.509389917367522,7.59695085068421,-1.60259604678906,0.114229187457572,0.197997258259791,-5.4971460031447
"MAF",-0.369690307448718,6.45163548166667,-1.60008704879158,0.114785449575137,0.198505112338654,-5.50101022940352
"CREBBP",0.281260259957265,4.3623313632807,1.58005077198912,0.119306376727159,0.205537493349303,-5.53166948791605
"IL17RA",-0.242542117517094,6.19546925482456,-1.57920595484449,0.119500097454763,0.205537493349303,-5.53295441375467
"IL13RA1",0.297942058021367,8.21234215061403,1.57846718621482,0.119669707666239,0.205537493349303,-5.53407752690223
"IL24",-0.392693134504273,3.43606555068421,-1.57466479103549,0.120545740102147,0.206571563720498,-5.53985047050613
"NOD1",-0.254216836611112,5.85914501463158,-1.55355850205548,0.125502319793212,0.214577662412885,-5.57166167768235
"CFP",-0.341426506452992,3.75581083278947,-1.54708933307969,0.12705371232192,0.216738685725628,-5.58133269991773
"SYCP1",-0.322314831282051,3.02258152835088,-1.54386175185547,0.127833428566181,0.217576535302258,-5.58614381567152
"DEFB1",-0.447991769376068,3.03991174675439,-1.54247167611951,0.1281704147374,0.217658767369368,-5.58821304062127
"PBK",-0.494491417128206,4.8756653134386,-1.53544114320581,0.129885632649191,0.22007588093818,-5.59865210770687
"MST1R",-0.392806587128205,5.83898372405263,-1.52467714678252,0.132547018583859,0.223959355185457,-5.61454928122467
"CD1A",-0.440989586517094,3.48488695736842,-1.52377646286853,0.132771660169628,0.223959355185457,-5.6158747975494
"CCND3",-0.249578255380342,6.74736456985965,-1.51687620700898,0.134502706431582,0.226372858592439,-5.62600570127258
"PVR",-0.304793181380342,6.88432945977193,-1.51541985986193,0.134870331496004,0.226486035518902,-5.62813845959878
"RORC",0.594226520799145,4.49512849250877,1.50906725675414,0.136483232071587,0.228641572027828,-5.63741938711707
"CD1C",-0.439571520978633,3.320387824,-1.50798154752427,0.136760409793833,0.228641572027828,-5.63900195585437
"AICDA",-0.348120060059829,2.31764986807018,-1.50488357001724,0.137553760127727,0.22945914853165,-5.64351187604298
"YTHDF2",0.243377959897436,6.58186772696491,1.50082516958456,0.138598559587273,0.23069164222694,-5.64940693517517
"IL4",-0.359865864371795,3.42587981163158,-1.4986142142545,0.139170381440018,0.231133188558972,-5.65261226290838
"MAPK8",-0.188519146393163,6.79871871892982,-1.494106493052,0.140341984286416,0.23256671681749,-5.65913374294036
"IFIT1",-0.602524716145299,6.65592374626316,-1.48994801313407,0.141429697812882,0.23343970135253,-5.66513379630542
"MAPK14",-0.183297298944443,8.31473692977193,-1.48972587101776,0.141487988750804,0.23343970135253,-5.66545387681782
"IL23R",-0.376255250435897,2.06555745492983,-1.47999916158384,0.144058913099098,0.237162490123842,-5.67942545387507
"IFNG",-0.409711960794872,3.57146439233333,-1.47673369695839,0.144930211298935,0.238014291907992,-5.68409694513949
"IL5RA",-0.329625444824786,2.75626547703509,-1.47569711366652,0.145207658193205,0.238014291907992,-5.68557784955026
"CD1B",-0.417852527952991,1.75551267201754,-1.46885810881802,0.147048614889259,0.24050901437419,-5.69532409032917
"LILRA1",-0.367445106029915,3.41849752266667,-1.46429067902202,0.148288251175347,0.242011561442016,-5.70180966142008
"EGR2",-0.363338006350428,5.08098395933333,-1.4593922003797,0.149626812979994,0.243668719194203,-5.70874441555999
"IGF1R",0.475967708717949,8.08169806984211,1.45628637603126,0.15048039522039,0.244530642233134,-5.71313010855039
"STAT6",-0.280878154726496,8.28654125663158,-1.4511475568176,0.151901060881926,0.246308386892413,-5.72036745200684
"CEACAM1",-0.496362013824786,5.71561458966667,-1.43332270557455,0.156910096378025,0.253884576542985,-5.74528648456594
"IKBKB",0.283215709935897,6.84692469687719,1.42084898486513,0.160491063271049,0.2591226160736,-5.76255365885447
"LOXL3",-0.308062265222222,5.28881941573684,-1.41181485010141,0.163123881769848,0.262810698406977,-5.7749713843909
"BLNK",-0.360225862324787,4.77133624496491,-1.39644394164432,0.167679967933673,0.269575044396566,-5.7959288692078
"ITGA5",-0.353673229615385,7.54029208891228,-1.3867697461623,0.170597333501116,0.27368167970179,-5.8090089600934
"CX3CR1",0.340537078200854,4.74964958310526,1.38305207563276,0.171728750368713,0.274911842416157,-5.8140127980041
"S100B",-0.723040773487179,4.88850179750877,-1.38129964520706,0.172264068179692,0.275184549592136,-5.81636713132322
"FIGF",-0.413157119628571,3.57827421141667,-0.696513173658636,0.496394789912009,0.617626520781608,-5.81854998439
"CTSL",-0.321646828495727,6.58068978370175,-1.36617208617695,0.176938422037185,0.282054059653356,-5.83657402521523
"ANXA1",-0.386672068581197,9.530292,-1.36261869529369,0.178050327831092,0.283227736676462,-5.84129021686617
"TLR3",-0.289456217987179,4.32630860475439,-1.35694339731231,0.179837252200009,0.285223814377479,-5.84879873998583
"BMI1",0.217820346824786,6.53172068857895,1.35623353156467,0.180061718360319,0.285223814377479,-5.84973583247887
"TNFRSF14",-0.25951036815812,7.08867276952632,-1.35041697969617,0.181909009211946,0.287545897161021,-5.85739688185131
"IL22RA1",-0.336250926465812,2.93140238631579,-1.3355948937762,0.186681493644238,0.294472481606184,-5.87677911594933
"IL12RB2",-0.453234273940171,4.33958904122807,-1.33309301663249,0.187496329024807,0.295140359258256,-5.88003084604879
"RUNX1",0.257858764247863,7.68960668508772,1.33167931346263,0.187957945840072,0.295250606590446,-5.88186571880276
"COL3A1",0.484306791068377,12.5141421794737,1.32996425534166,0.188519117477964,0.295516454424916,-5.8840892630672
"ICAM4",-0.305210773478633,3.29441949773684,-1.32168596756264,0.191245617156981,0.299086034759932,-5.8947839351331
"SIGIRR",-0.329866977782051,6.12489017698246,-1.32064790958412,0.191589595210938,0.299086034759932,-5.8961205530199
"FADD",-0.216056085576923,5.33122561419298,-1.31920081079987,0.192069893934126,0.299216322368453,-5.89798220448289
"CD209",-0.378049235846154,3.30761137796491,-1.31560101249403,0.193268618966163,0.300462966392757,-5.9026048895002
"BCL2",0.371197948649572,6.94915730429825,1.29655958728157,0.19970319565018,0.309827591605423,-5.92685852743521
"PLA2G6",0.268035639777778,6.34280974994737,1.28982509382737,0.202016937829775,0.312375121090267,-5.93535645695072
"TNFSF11",-0.374728690384615,3.51053194580702,-1.28873053859434,0.202394874276343,0.312375121090267,-5.93673366916939
"VEGFC",-0.329516143213675,5.19391964433333,-1.28817149420972,0.202588109035996,0.312375121090267,-5.93743665401274
"CTAGE1",-0.386542652923077,3.31436720133333,-1.27321275341973,0.207809906246091,0.31977279450929,-5.95613969589971
"MAP2K2",-0.184850706636752,8.74715480066667,-1.26119179764622,0.212078173689628,0.325676054912381,-5.97101962748994
"LAMP1",-0.237020990944445,10.1885507426842,-1.25661359539964,0.2137207107419,0.327531333128847,-5.97665148770032
"IL9",-0.378732845017094,1.63224848466667,-1.25303741168599,0.215010280060727,0.328839251857582,-5.98103720389995
"LIF",-0.44325181525641,5.50160729880702,-1.24737938830158,0.217062284693754,0.331305592427309,-5.98795179425554
"IL11RA",0.278062743388889,5.06720733205263,1.2447580497265,0.218017849710244,0.33209183572025,-5.99114522654273
"MASP2",-0.329249966465812,3.39311897678947,-1.23990188233189,0.219796265654843,0.334125774805951,-5.99704437246077
"DOCK9",-0.204416274388889,6.80518061929824,-1.2327847892967,0.222421916726863,0.337436871654034,-6.0056504536751
"BID",-0.231771937517094,3.79760048296491,-1.2210079195274,0.22681709040237,0.343413827637323,-6.0197877499764
"CCR3",-0.289374844700855,2.33201566735088,-1.21869872485762,0.227686285877085,0.344038997096838,-6.02254463892284
"MAPKAPK2",-0.217910987346154,7.95471368184211,-1.21601679369504,0.228698832342516,0.344877839172514,-6.02574029569372
"MAGEA12",-0.387868287008547,2.35554852768421,-1.2079381012329,0.231768740750346,0.348809641767986,-6.03532596759563
"FCER1A",0.416055354111111,3.66556070829825,1.19861117645089,0.235350146749092,0.353494045117163,-6.04631702252179
"RELA",-0.165855462692307,6.44758916508772,-1.19563894298317,0.236499834614269,0.354514662622583,-6.04980251017947
"FOS",0.452041191072649,9.07047394435088,1.19426977446796,0.237030809003309,0.354605615056538,-6.05140533560157
"SPP1",-0.655979396743589,9.18261550396491,-1.19169970122301,0.238029834360421,0.354781650802244,-6.05440927931305
"CD3EAP",-0.203951092854701,6.23200852547369,-1.19154634380558,0.238089542846068,0.354781650802244,-6.05458833089098
"TNFRSF11B",-0.529035497008547,4.18359812440351,-1.18485881261643,0.240703829326491,0.35796979745991,-6.06237494309746
"ANP32B",-0.198771545166667,8.69351824036842,-1.176135484061,0.244145009299909,0.362372710653802,-6.0724690767706
"IL7",-0.269563448508547,2.72090863836842,-1.16470422743794,0.248707817281384,0.368144834675104,-6.08558883537804
"IL6ST",0.262443763393162,8.77762202329825,1.16395142288976,0.249010431942047,0.368144834675104,-6.08644853960106
"IL1RAP",-0.291182202820513,5.29809031257895,-1.15630015468523,0.252101086775761,0.37198477383351,-6.09515615865879
"MUC1",0.62840781401282,7.51949321066667,1.13998825890011,0.258781389781819,0.381096031045882,-6.11353669514428
"CD46",0.212344434551282,9.2725342828421,1.13686762756163,0.260073599315209,0.381650320667576,-6.11702459395463
"IGF2R",-0.179086744183761,6.9252348924386,-1.13641326850342,0.26026212411032,0.381650320667576,-6.11753166303108
"PAX5",-0.349651076465812,3.64653506,-1.13541594034418,0.260676280031567,0.381650320667576,-6.11864401015023
"IFITM2",-0.290643859123931,8.48738176754386,-1.13214030376329,0.262039825551543,0.382903155941596,-6.12229083461063
"FAS",-0.272585979935897,4.22483455363158,-1.12966007644763,0.263075621490277,0.383673150103808,-6.12504540102964
"ROPN1",-0.42829576625641,3.32551530731579,-1.12663409382248,0.264343254855907,0.384777633516126,-6.1283982494556
"VEGFD",0.302344840764706,3.13178635586667,0.935468433187792,0.354177816091737,0.479578272024118,-6.13096942379756
"ITGA1",-0.233696010619658,7.07609252670176,-1.12341327115322,0.265697245247424,0.386003319685082,-6.13195751472922
"JAK1",-0.140808705944444,8.03534371585965,-1.11929653027514,0.267434983543667,0.387780726138317,-6.13649261799284
"CRP",-0.378562731294872,2.07140379078947,-1.10897822754976,0.27182563553679,0.393111471285588,-6.14778933768159
"NFKB1",-0.175386075294872,5.2022053417193,-1.1082110477704,0.272154095505407,0.393111471285588,-6.14862525481651
"AXL",-0.216672623025641,7.57410107310526,-1.10517736311934,0.273455662740475,0.394236270948983,-6.15192531121645
"SERPINB2",0.401319130269231,2.67129545049123,1.09450060848426,0.278071058752584,0.400125149426428,-6.16347045347265
"ATG16L1",0.176858161089743,6.55203299335088,1.08662507312907,0.281510179217933,0.40430223834347,-6.17191753411363
"BCL10",-0.139469328217949,7.76462097429824,-1.08292601537496,0.283135667517628,0.405863675491048,-6.17586480303283
"PTGS2",-0.444326260692308,4.43092257268421,-1.08089714621589,0.284029982310595,0.406373067670187,-6.1780243159216
"IFNA2",-0.256113229572649,2.27448359349123,-1.07766465842949,0.285458891086674,0.407643946741197,-6.18145690579444
"PLA2G1B",-0.277399802876068,2.91274928873684,-1.07490909911365,0.2866809021065,0.408615123229302,-6.18437523569211
"IL3",-0.278887259038462,2.84001844045614,-1.06877559450092,0.289413918193521,0.411732253430027,-6.19084523515365
"MICA",0.191531659029915,5.68830341882456,1.06621961351507,0.290558125314358,0.412520949363904,-6.19353092304731
"CCL7",-0.29638962274359,3.74150170710526,-1.06509506381366,0.291062526606893,0.412520949363904,-6.19471057874905
"ELANE",-0.240053314132478,3.38633065601754,-1.06176330016815,0.292560484679901,0.413866051498397,-6.19819857198557
"LRP1",0.260649395179487,8.13760640614035,1.05862440926483,0.29397657365341,0.415090517855189,-6.20147502103792
"IL34",-0.343987420166667,5.24387377229824,-1.05380700574679,0.296159062709294,0.417390529500575,-6.20648536612008
"TFEB",-0.218113097653846,5.51296641150877,-1.04510820884192,0.300128080145793,0.422195097817029,-6.21547677170908
"IL17F",-0.264593238940171,2.2309168777193,-1.04371201532395,0.300768493910798,0.422308090146633,-6.21691323913403
"ULBP2",-0.259493926337607,3.22237855652632,-1.03631708838959,0.304175993434168,0.426001375336898,-6.22449059605508
"ITCH",-0.11328541859829,7.84231166377193,-1.03404966330308,0.305226041293737,0.426001375336898,-6.22680354676854
"TREM2",-0.249198599991453,3.65649971870176,-1.03294507416317,0.30573846996089,0.426001375336898,-6.22792854336856
"CREB1",0.129103465970085,7.13588029821053,1.03283970582995,0.305787381791782,0.426001375336898,-6.2280357977856
"IL17RB",0.377008784252137,5.16243282824561,1.03190005763735,0.306223800308486,0.426001375336898,-6.22899179871746
"LCN2",-0.5986718593547,5.06878749636842,-1.00324051610718,0.319738008362382,0.443982427818114,-6.25774635895139
"PIN1",-0.143615620696581,6.98404860170175,-0.998528928083037,0.321997437747648,0.446297919231116,-6.26239864743781
"BAGE",-0.232938677692307,3.32703677492982,-0.978498536966636,0.33172190985561,0.458814554906833,-6.28194036738086
"MAGEB2",-0.354359834371795,2.5110048462807,-0.976955988927585,0.332478783132972,0.458814554906833,-6.28342938396532
"PPARG",0.22644720524359,4.04587007435088,0.976193095517768,0.332853529885992,0.458814554906833,-6.28416496157305
"SPO11",-0.273188551081196,2.18350021326316,-0.965904775288623,0.337934624708749,0.464937089527501,-6.29403052003963
"RPS6",0.155745527905983,13.0814681098246,0.964709027728345,0.338528464390714,0.464937089527501,-6.29517056185709
"LBP",-0.672695363482906,4.11337956242105,-0.963441704121951,0.33915859965151,0.464955607522251,-6.29637735098775
"CXCR1",-0.258409915534188,4.35575306803509,-0.951221646429417,0.345274164251926,0.47248043529211,-6.30793477614653
"TLR5",-0.22961156734188,4.25209451489474,-0.949763383615423,0.346008740214602,0.472627880655452,-6.30930440727577
"SMPD3",-0.272877547132479,2.53183778675439,-0.946926017595202,0.347440938966859,0.473499152600669,-6.31196347809753
"TICAM2",-0.202823252722222,4.8048692514386,-0.946013113385477,0.3479025603989,0.473499152600669,-6.31281737541272
"C9",-0.215177780794872,2.24357859398246,-0.943582200585917,0.349133730144636,0.474318617169469,-6.31508726439486
"CD81",0.144188737863248,11.4416397733333,0.933486150487252,0.354277317662379,0.479578272024118,-6.32445387288227
"CD36",0.346083116247863,5.8951001574386,0.928917304263447,0.35662103074221,0.481885765554886,-6.32866045610002
"ABL1",0.140412385444444,7.12562365863158,0.917260575658768,0.362645911443471,0.489150299156309,-6.3393020586267
"AIRE",-0.211438511363248,3.00356132175438,-0.909303607631238,0.366795835200187,0.493864392394537,-6.34649106066907
"IL22",-0.212140797286325,2.3116692358421,-0.89079268042815,0.376566990970462,0.505441343191117,-6.36297957753328
"CEACAM6",-0.561954655141025,3.94802744352632,-0.890477463394298,0.376734794261814,0.505441343191117,-6.36325749682218
"MERTK",-0.15527966901282,6.0843066695614,-0.886595365487026,0.37880527306959,0.507316475833873,-6.36667239454946
"ICOSLG",-0.215251639294872,6.23460251957895,-0.876745806420946,0.384090569093041,0.513482782085377,-6.3752713601147
"CD1D",-0.202976424017094,3.25101369301754,-0.873638167982134,0.385767688929105,0.51481210168592,-6.37796499509043
"IL1A",-0.19026475215812,2.41725280449123,-0.869831758891462,0.387828155215397,0.516647401117331,-6.38125160529847
"CCL15",-0.249478359303419,2.16991067557895,-0.866055633268044,0.389879007515397,0.518463442092786,-6.38449824142071
"KIR3DL3",-0.259365587021367,3.55459635085965,-0.8639811037926,0.391008576864142,0.519050117879512,-6.38627601721346
"ST6GAL1",-0.262084517542734,7.40292397363158,-0.852185670743404,0.397469764464624,0.526699828482121,-6.39630509528689
"ENG",-0.166440488786325,7.37495564587719,-0.84813948309496,0.399701260537103,0.52855993955927,-6.39971437819335
"Steap-1",0.271368125487179,5.73349063036842,0.847100521009514,0.40027549799515,0.52855993955927,-6.40058724297679
"DMBT1",-0.216019005632478,3.62189986331579,-0.843490769385941,0.402274565682653,0.53027101839986,-6.40361178955947
"TPTE",-0.205477960675214,3.65585198517544,-0.837715881461105,0.405485412296366,0.533570682149145,-6.40842423473182
"TBK1",-0.118392937692308,6.88905965654386,-0.832273003183779,0.408525984825481,0.53610939995728,-6.41293043908117
"MAGEC1",-0.238752378055556,2.97310960219298,-0.830725486101077,0.409393013520762,0.53610939995728,-6.4142064015426
"TNFRSF12A",-0.200936690905983,5.76246561392982,-0.830449489058528,0.409547764423599,0.53610939995728,-6.41443372345236
"TMEFF2",-0.20019674048718,3.2988385568421,-0.827941890853811,0.410955402024184,0.53619096948565,-6.4164956968731
"CCL1",-0.213413505551282,2.24075221678947,-0.827804992044813,0.411032334698548,0.53619096948565,-6.41660809199364
"IL1RAPL2",-0.194726933871795,3.42117947491228,-0.824310032652514,0.412999354724879,0.537826448121863,-6.41947133246684
"LGALS3",0.213937492589744,8.33820791259649,0.799081137890383,0.42736735563318,0.555577562323134,-6.43978857774293
"MAGEC2",-0.269854295414529,3.54466791110526,-0.795381505472397,0.429499137911051,0.557387865722776,-6.4427159963792
"TXK",-0.189397156576923,2.84880838535088,-0.79346482207856,0.430606044812713,0.557864188640525,-6.44422738572396
"TRAF6",-0.124016690384615,5.93218178733333,-0.785280795488946,0.435351466722457,0.563044607047568,-6.4506406732246
"SPANXB1",-0.248268330965812,1.72844006317544,-0.782327244903989,0.437071618641973,0.564301370643917,-6.45293918408321
"CD59",-0.182509246675214,10.350265695614,-0.777163286013572,0.440088733462283,0.566146727421488,-6.45693748817946
"MS4A2",-0.187093837666667,3.80319616147368,-0.776696600910696,0.440362002840815,0.566146727421488,-6.45729755050889
"SMAD3",0.156636433192308,7.23480775077193,0.776028327443684,0.440753486732644,0.566146727421488,-6.4578127755723
"SPINK5",-0.274206127961538,3.80337650129824,-0.77421969090931,0.441814036158006,0.566543849086967,-6.45920501698247
"ALCAM",0.330390079145299,6.5604269622807,0.770838635526903,0.443800632403162,0.566989279938356,-6.4617991253788
"F2RL1",0.222442755106838,4.26893245384211,0.76902353454895,0.444869279088528,0.566989279938356,-6.46318716690503
"CD207",-0.277753698559829,4.20585708933333,-0.768978009458307,0.444896101458964,0.566989279938356,-6.46322193954964
"ATM",-0.163064150679487,3.82820469319298,-0.768514402783842,0.445169302020566,0.566989279938356,-6.46357593331235
"PRKCE",0.170319077504273,4.3159574005614,0.762761244417716,0.448567750158245,0.569717425626944,-6.46795142569875
"PRM1",-0.22193496584188,2.07108100284211,-0.76233104047849,0.448822481196824,0.569717425626944,-6.46827731628124
"PASD1",-0.210655929435897,3.21033794468421,-0.751834005812074,0.455063976901998,0.576256094212715,-6.47617319995287
"REPS1",0.151763065290598,7.00237397733333,0.751100193620073,0.455502164656205,0.576256094212715,-6.47672115759098
"CFI",-0.254918670632478,5.86467338691228,-0.747036589223443,0.457933102154503,0.57836107039279,-6.47974605659659
"FN1",-0.289291952029914,11.4121012717018,-0.743695021441461,0.459937679906186,0.579921422490409,-6.48222141216603
"CCL14",0.244485406111111,4.6924102767193,0.740417551241506,0.461908686804498,0.580848124891906,-6.48463870304242
"LTBR",-0.144733987606837,8.48591737461404,-0.73991164009584,0.462213361982949,0.580848124891906,-6.4850109027998
"TNFSF18",-0.201616165534188,2.38295302412281,-0.735214229951477,0.465047768733361,0.583219350194906,-6.48845486800131
"NCAM1",-0.284322990094017,4.00670674480702,-0.734222765819321,0.465647279598585,0.583219350194906,-6.48917901941214
"CMA1",-0.228597189700854,2.79413995236842,-0.725722882662907,0.470804946196262,0.58870137550909,-6.49534782389378
"CD200",-0.181183839128205,5.45654062859649,-0.720549370129888,0.473959951537173,0.591665237514948,-6.499067957993
"MME",-0.238979824444444,5.07971733435088,-0.714374265459111,0.477741310024405,0.59539991365025,-6.5034740650488
"SYT17",-0.21733289992735,3.40371232412281,-0.682106871105234,0.497772908247508,0.617965025019078,-6.52589095181882
"TIRAP",0.116356423747864,5.14340837478948,0.68125798615068,0.498306014869495,0.617965025019078,-6.52646692719007
"GTF3C1",0.0933885979444442,7.93123313452631,0.679149583645948,0.499631454196885,0.618491460837389,-6.52789444016908
"BCL2L1",0.1025894996453,8.2161215118421,0.67797437628576,0.500371075743776,0.618491460837389,-6.52868823382219
"CREB5",-0.15288910531624,5.14676496910526,-0.675493854582713,0.501934154083889,0.619408105039693,-6.53035925734247
"MFGE8",0.245791104239317,9.49573725298246,0.664492109126945,0.508898610397458,0.626976392548502,-6.53769794838627
"MAGEA3",-0.429285317594017,4.48019468536842,-0.653640111519726,0.51581879533736,0.634465532927194,-6.54482041194285
"ELK1",-0.114790227508547,6.15678721236842,-0.652004170439162,0.516866339108807,0.634718598840457,-6.54588409790978
"PMCH",-0.18701970907265,2.60108813996491,-0.642869305103834,0.522736375514167,0.640018889967317,-6.55177525751403
"ILF3",0.0998452125384612,9.49821407591228,0.64264624012376,0.522880154137755,0.640018889967317,-6.55191808893704
"SERPINE1 (PAI-1)",-0.19974063358547,7.47134959875438,-0.625609475925508,0.533922543407938,0.652475847211645,-6.56268244422808
"IFNA7",-0.158314520217948,3.43949158836842,-0.619917010589697,0.53763885062916,0.655954196398684,-6.56621550465917
"CTAG1B",-0.257271693589744,3.42704264154386,-0.61675181858222,0.539710981294063,0.657418545873544,-6.56816620662425
"BAX",-0.0865485734572646,8.07236349238597,-0.614005880072124,0.541511956574113,0.658548411704647,-6.56985053653076
"SBNO2",-0.107736240444445,7.13929085166667,-0.606681160931483,0.546331005729154,0.663339095522998,-6.57430713602594
"IL26",-0.166638146991453,3.49945458136842,-0.602956965706766,0.548789539018733,0.664210077008927,-6.57655280001793
"IRF3",-0.0977343891239317,6.41996383354386,-0.601464431898365,0.549776406322547,0.664210077008927,-6.57744895325775
"CT45A1",-0.228690510410256,2.83467131949123,-0.60038060975179,0.550493593783477,0.664210077008927,-6.57809833090789
"CCL28",-0.309668221286325,3.70769777294737,-0.600262144282295,0.550572013435781,0.664210077008927,-6.57816923995421
"CD99",-0.146890647470086,10.1071983081053,-0.591597633087886,0.556322824649406,0.670075734481872,-6.58331800553016
"C4B",-0.323535819619658,8.30226874536842,-0.58784450331679,0.558823140527567,0.671688077924991,-6.58552528548819
"IFNA1",0.143461877666666,1.81037013184211,0.586915170164118,0.559443120605961,0.671688077924991,-6.58606969737856
"PSEN2",0.109109270910257,6.12651698549123,0.584564228149535,0.561013015137158,0.672502088097642,-6.58744309918266
"HLA-DRB4",-0.396113811286325,5.74425993624561,-0.579933094555273,0.564111937379546,0.675143493308219,-6.59013262853926
"PRG2",0.178564486123931,3.62239324991228,0.57518764360457,0.567296094283717,0.677878375736802,-6.59286660430331
"NOS2A",-0.142753938260684,2.33048546517544,-0.573150986430588,0.568665375084625,0.678435734237851,-6.59403316130481
"IFNAR1",0.0958113515683761,5.62540150210526,0.571818514035486,0.569562095189072,0.678435734237851,-6.59479416044581
"ARG2",-0.133306925226495,4.39424706652632,-0.56646835808322,0.573169561580441,0.681655913930052,-6.59783209020244
"NOTCH1",-0.126259576991453,7.26305025607017,-0.562541325033106,0.575824504430978,0.682726385952654,-6.60004396137466
"TNFRSF10C",0.135185794149573,3.36696069224561,0.562458428826417,0.575880612023724,0.682726385952654,-6.60009048794687
"VEGFA",-0.182012182358974,8.94215646875439,-0.559256112497614,0.578050095149597,0.684222561605646,-6.60188263596844
"EGLN3 (HIF3)",0.202792394935897,7.34802807489474,0.549477923143334,0.584698829118382,0.690210022626766,-6.60729223793732
"DUSP4",0.19929516148718,6.02355188066667,0.548458350993541,0.585394186290732,0.690210022626766,-6.60785085968522
"CSPG4",-0.215856809059829,6.62344088649123,-0.547783493991369,0.585854661115557,0.690210022626766,-6.60822004770499
"MCAM",-0.138508546692308,6.08223137496491,-0.542175872328135,0.589687553780253,0.693641833931842,-6.61127035265356
"ITGB4",0.213544266517094,8.64337836140351,0.538944466059603,0.591901635450012,0.694172029302134,-6.61301398368454
"ITGA6",0.211924226594017,7.16395613210526,0.538830789199625,0.591979595280201,0.694172029302134,-6.61307513451304
"ZNF205",-0.0745299232008545,5.10272977703509,-0.525572374035628,0.601105196033275,0.703778443802933,-6.62011965331934
"ITGB1",-0.108584082649572,10.6732661328947,-0.513457297315336,0.609500340722479,0.711784475095089,-6.62640463881844
"C8B",0.137346383247863,2.25663572805263,0.512981315010986,0.609831261155739,0.711784475095089,-6.6266486003019
"IL1R1",-0.127858490764957,6.48748663531579,-0.510471500996477,0.611577527690693,0.712719406304145,-6.62793127907065
"CHUK",0.0751280081837606,7.05882143603509,0.508043168288045,0.613269258450765,0.713587995172649,-6.62916637947858
"LAMP2",0.11105343741453,8.54817965685965,0.501685038571824,0.61770872969018,0.717478404909009,-6.63237259598358
"GPI",0.0969757857564103,9.10678160842105,0.500531282197245,0.61851586630087,0.717478404909009,-6.63295010926709
"IL19",-0.141466597376068,2.67565013582456,-0.497990146832287,0.62029523902847,0.718437189289503,-6.63421742536901
"IL13",-0.12828660582906,3.80724727564912,-0.493194723795078,0.623659332831546,0.721225670176358,-6.63659157311393
"IL5",-0.142586113517094,1.78677981305263,-0.485912738465544,0.628783207083083,0.725549520596944,-6.64015320744041
"SSX4",0.142073244948718,1.87306253296491,0.485147407709799,0.629322793727323,0.725549520596944,-6.64052448009771
"AMBP",-0.131366642918804,3.09431170761404,-0.47768835537304,0.634592291664969,0.72960101331412,-6.64411256102623
"CCR9",0.132642274931624,1.73524930536842,0.47743412076652,0.634772234395309,0.72960101331412,-6.6442338850976
"LTK",-0.127842751,3.1212219212807,-0.474908420280373,0.636561080261026,0.730543461973841,-6.64543570077578
"UBC",0.0710830849572651,12.4873930794737,0.466400846025303,0.642602577741417,0.736356145314633,-6.64943734637668
"IFNL1",-0.117914649735043,5.42194746666667,-0.463133950322594,0.644928987465864,0.73790054104592,-6.65095489096224
"PTGDR2",-0.119768096380342,2.29377660764912,-0.45121372430124,0.653447690028791,0.74542668412471,-6.65640226085055
"SEMG1",-0.131233822495727,2.97526911264912,-0.451162866552879,0.653484135552299,0.74542668412471,-6.65642519990978
"NRP1",-0.10286677591453,8.110237077,-0.446154706597553,0.657077205292226,0.748393070680269,-6.65867151907677
"STAT5B",0.0831960468162392,6.55185902729825,0.437562279529323,0.663260713608744,0.754296497829552,-6.6624674643487
"TAL1",0.114456073576923,3.42008563049123,0.433087005352403,0.666490699529568,0.75592000498307,-6.66441549329306
"IFNB1",0.114389987525641,2.59673961892982,0.43280648685329,0.666693373095148,0.75592000498307,-6.6645369365734
"IL17A",-0.145371195884615,2.3470643062807,-0.427815279446195,0.670303658828217,0.758872310445158,-6.66668467750672
"MIF",0.0798391111367518,10.7383906708596,0.420417048726083,0.675669381249036,0.7633470858436,-6.66982261975648
"EP300",0.0468396462735047,7.98747858319298,0.419575276100907,0.676280972604145,0.7633470858436,-6.67017620788339
"THBS1",0.138554772166666,9.21925466357895,0.414664462020365,0.679853286632547,0.766232254291391,-6.67222495960686
"CAMP",-0.161091660508547,2.68359289521053,-0.412753895111671,0.681245104512436,0.76665493851101,-6.6730155525721
"TXNIP",-0.108313864564103,10.5906537779474,-0.409349835817072,0.68372766347805,0.768302024236139,-6.67441515648958
"IRAK4",-0.0635941806666658,6.13499994715789,-0.40583226656064,0.686296690971595,0.76996727252139,-6.6758493218944
"RORA",-0.0739011846495726,6.591795438,-0.404525596925091,0.687251955446811,0.76996727252139,-6.67637893512988
"IL1RL2",-0.114767351059829,3.30389472289474,-0.402308904882601,0.68887367864103,0.770639100438186,-6.6772735092381
"C6",0.0902694612521367,3.43692714301754,0.395786162440365,0.693654174886803,0.774837404243926,-6.67987748363763
"F13A1",-0.145580524230769,6.79459526810527,-0.394152380492502,0.694853537151774,0.775028945284671,-6.68052308256422
"C5",-0.0773244444658119,4.18913293845614,-0.38249894514459,0.703430903848064,0.78279047804445,-6.68505094215193
"CD9",0.100120356388888,9.68040715698246,0.381293820039796,0.704320155362632,0.78279047804445,-6.68551147086724
"MAPK1",-0.0621806449829051,7.5960452787193,-0.380472140055619,0.704926703703158,0.78279047804445,-6.68582463997687
"CSF3",0.109169461867521,1.96645825564912,0.371880813413514,0.71128010723381,0.788684118903371,-6.68905880528988
"CEACAM8",-0.10576462817094,2.82342707701754,-0.369197509170149,0.713268692448929,0.789727744649768,-6.69005385557462
"IFNA8",0.0912543431837607,1.94712326321053,0.359134549120948,0.720744012825997,0.796637017882227,-6.69372160759417
"C7",0.16662524908547,3.67476159273684,0.357852068546342,0.721698696227122,0.796637017882227,-6.69418179692875
"KIR3DL2",-0.0912766628076922,2.35343463,-0.356536229201592,0.722678674047007,0.796637017882227,-6.69465225253427
"FAP",-0.10168077941453,7.48376406654386,-0.352696607789406,0.725540912060297,0.79862459517294,-6.69601517758233
"ROR1",-0.0748804535683762,4.57628831949123,-0.34012555753841,0.734939307812876,0.806998117997511,-6.7003746058515
"IL17B",0.137907658149572,2.85670962324561,0.339659233469504,0.735288736159536,0.806998117997511,-6.70053328805282
"ATG10",0.0562764789658118,4.90811411459649,0.333784133155988,0.739695884725183,0.809624024943749,-6.70251390645238
"IL11",-0.0991379044017089,3.60307167119298,-0.333260102168266,0.740089409802535,0.809624024943749,-6.70268889582272
"IL1RL1",-0.0842597578205127,3.89805126557895,-0.332177495516413,0.740902622296004,0.809624024943749,-6.70304954253045
"NEFL",-0.0719931686666667,2.48223044682456,-0.32810412582315,0.743965033076403,0.81179397241622,-6.70439602081318
"DUSP6",0.0840237265341877,6.99845034178947,0.32497350204569,0.746321502416359,0.813188457835165,-6.70541961822008
"FEZ1",0.0723246508547006,4.84597988068421,0.318586829704293,0.751136375607559,0.817253718915006,-6.70747749669008
"KIR3DL1",0.0872342681153848,2.54021859,0.308966596845812,0.758407739384783,0.823391416973497,-6.71050043251917
"ARG1",0.0853912686794872,2.03841616994737,0.308235042348067,0.75896158461085,0.823391416973497,-6.71072652698818
"CLU",-0.0855146340042736,2.56846904001754,-0.296808268343034,0.76762884811017,0.830718228977387,-6.71418873383858
"RhoC",-0.0652157462692304,3.38458291257895,-0.296426984224752,0.767918575062651,0.830718228977387,-6.7143020115551
"ATF2",-0.03362154958547,6.99504677319298,-0.292812588184754,0.770666697381383,0.832496690294502,-6.71536861998682
"MR1",-0.0557553129444445,4.33593922173684,-0.287494112153465,0.774715839162818,0.835673451686359,-6.71691437651999
"CD34",-0.0680466839529918,4.62923556938597,-0.282124150486156,0.778810559850855,0.838890231610778,-6.71844642917852
"THY1",-0.0764976035427342,8.78616497252631,-0.279441371507439,0.780858608958862,0.839896421048477,-6.71920103561122
"LRRN3",0.07375556041453,3.13861154757895,0.277833657810688,0.782086695071715,0.840019042854806,-6.71964980392768
"ATF1",0.0349467140000001,5.95608698908772,0.275217291780123,0.784086451152526,0.840968967523478,-6.72037460034989
"CD24",0.100328341538462,11.6644243899649,0.267447012165606,0.790034047949413,0.845604920729894,-6.72248682864913
"GATA3",-0.114430545504273,4.30074092554386,-0.266640872246368,0.790651815801824,0.845604920729894,-6.72270251018999
"RAG1",0.0638766241196579,2.86311245694737,0.264572400128857,0.792237560538916,0.846100737459409,-6.72325295523139
"CCL24",0.0691176372264958,1.36249947033333,0.249946263955963,0.803475118554912,0.856888598854885,-6.72702309481355
"ITGA2",0.0815439565384612,5.93238113124562,0.240378232270532,0.81084918775354,0.862371392415917,-6.72937368669761
"CFD",0.074457600111111,5.20585676535088,0.240307710308005,0.81090360374388,0.862371392415917,-6.7293906720282
"IFNA17",0.0611904854444445,2.22088461885965,0.23566068642776,0.814491381148746,0.864966903360781,-6.73049895170338
"FOXJ1",-0.0761792267863246,3.22078080529825,-0.230390059576875,0.818565445033014,0.868070809500552,-6.73172981203344
"HRAS",0.0373827094102563,5.3660248797193,0.222153820471254,0.824941879442308,0.872812052776393,-6.73359759062424
"MAPK3",0.0355867442136752,7.54406296678948,0.221089102508358,0.825767050681162,0.872812052776393,-6.73383408857962
"MNX1",-0.0883555056153843,3.68190801233333,-0.220131949405855,0.826509026103905,0.872812052776393,-6.7340457257194
"THBD",-0.062637080982906,5.69636032970176,-0.216713807830917,0.829160026561234,0.874386937100937,-6.7347940319671
"IL13RA2",0.056060654517094,2.29833019045614,0.194698943052246,0.846280552451533,0.889389857171415,-6.73933337797517
"CD63",0.044841310119659,11.4635854594912,0.194447669834109,0.846476409320826,0.889389857171415,-6.73938238882392
"NFATC1",-0.0489045160854702,6.03880186291228,-0.193179284105602,0.847465210613607,0.889389857171415,-6.73962882259499
"HMGB1",0.0347851859102562,8.22132810847369,0.191185831033044,0.849019752850566,0.889389857171415,-6.74001287408744
"C8A",0.0487563508675213,2.27205363878947,0.190846098934407,0.849284744248566,0.889389857171415,-6.74007792883186
"MEF2C",0.0409288827478628,6.25203636231579,0.175987771279361,0.860890913759404,0.899348041115415,-6.74281006511359
"CD276",0.0353895548632483,9.07773543392982,0.174992526618861,0.861669452775981,0.899348041115415,-6.74298516935303
"MAPK11",0.0402118970982902,4.607080625,0.173265786325856,0.863020537216235,0.899348041115415,-6.74328661987121
"F12",-0.0497774023376064,4.48121043292982,-0.172570137462371,0.863564962556446,0.899348041115415,-6.7434072208303
"CTCFL",-0.0461978783504271,2.89751020610526,-0.170664951763674,0.865056328966356,0.899658582125011,-6.74373503129977
"CX3CL1",0.055098174188034,6.76283227101754,0.158728179553235,0.874411355333834,0.907837605702106,-6.74570614615389
"EPCAM",0.0544086434529918,8.71654502331579,0.15755876734281,0.875328832023118,0.907837605702106,-6.74589157402225
"TAB1",-0.0225782628119656,7.23269994485965,-0.15476056766709,0.877524888859181,0.908865063461294,-6.74632970928099
"MPPED1",0.0441923432649572,2.25277571066667,0.148127911793007,0.882734097306235,0.913006185691222,-6.74733689909335
"IL25",-0.03591341167094,2.20570562624561,-0.145523923316998,0.884780673639949,0.913869353321263,-6.74772027335947
"KIR_Activating_Subgroup_1",-0.0449639406880342,2.03287629224561,-0.140404880815724,0.888806214116825,0.916771389116397,-6.74845412102886
"PSMB7",-0.0204200563376068,8.28047630410526,-0.136913742576139,0.891553287710561,0.918119017549233,-6.74893953714699
"CD164",0.0273982662350432,8.42848983222807,0.135649944999714,0.892548063479559,0.918119017549233,-6.74911224750901
"PRAME",-0.0908972610726499,6.01094087022807,-0.131264642127274,0.8960012105865,0.920415412509838,-6.74969912882931
"IGLL1",-0.0332512422307692,3.27810498694737,-0.125740241707465,0.900354192444368,0.923628654561978,-6.75041102117144
"ATG12",-0.0224607020341883,3.27182982331579,-0.117052887475565,0.907205607708328,0.929392701375108,-6.7514686287165
"HTR2B",-0.0314604974102563,4.35296054682456,-0.114262760857393,0.909407611759168,0.930384449479528,-6.75179225184504
"STAT3",-0.019655712162393,10.2433857960526,-0.10922203380467,0.913387616191656,0.933190057735107,-6.75235713448268
"CTSG",-0.0342940669358975,3.03211402942105,-0.100207548291989,0.92051066652771,0.938680011078729,-6.75330382273695
"MBL2",-0.0300740490811965,2.02106923022807,-0.0987124756423935,0.921692688596198,0.938680011078729,-6.75345295676826
"ITGB3",0.0385764706752141,4.25334767180702,0.0976967014694419,0.922495872956682,0.938680011078729,-6.75355300207177
"IL2",0.0207571821794873,1.86609559278947,0.0801448546951245,0.936386399462858,0.951530114818053,-6.75511833204062
"NUP107",0.00777977324786321,7.07388727080702,0.0663219325408835,0.947340060854334,0.961365283827951,-6.75613366281278
"MASP1",0.0189583929059831,3.39560230445614,0.0604015737369049,0.952034761972509,0.964830928128053,-6.75650991915018
"C4BPA",-0.0151477487179487,1.97290667512281,-0.0484855606732398,0.961488875688766,0.973104177542724,-6.75716063831212
"CCL16",0.012037467568376,2.36282988736842,0.0452640470675239,0.96404582134524,0.974384114335537,-6.75731210645421
"PMP22",0.00995339341025638,7.99316406678947,0.0390578384585139,0.968972792506948,0.978052858835661,-6.75757456550105
"GAGE1",-0.00817967570085466,2.86199758477193,-0.0352161610065848,0.972023235555386,0.979820213380697,-6.75771767073442
"TPSAB1",0.0145755582094017,6.99206047436842,0.0289999093289471,0.976960052658195,0.983481815359519,-6.75791787466983
"USP9Y",-0.00690818713675217,2.23236562757895,-0.0241075469573931,0.980846110455472,0.986077289711235,-6.75804818438862
"MAGEA1",-0.00758161427777786,2.07866080735088,-0.0215541598512932,0.982874485232942,0.986800748156642,-6.75810665974268
"CDH5",0.00285684707692311,5.27316486049123,0.013499431448556,0.989273728472035,0.990672353214891,-6.75824826811393
"PNMA1",0.00212045348717905,6.23021819340351,0.0133927817796501,0.989358464152272,0.990672353214891,-6.75824970655675
"C1QBP",-0.00142123939743606,8.43968464945614,-0.00904825114931617,0.992810389881928,0.992810389881928,-6.75829860472782
